[Licensing::Module] Trying to connect to existing licensing client channel...
Built from '6000.3/staging' branch; Version is '6000.3.10f1 (e35f0c77bd8e) revision 14901004'; Using compiler version '194234433'; Build Type 'Release'
OS: 'Windows 11  (10.0.26200) Professional' Language: 'en' Physical Memory: 16310 MB
[Licensing::IpcConnector] Successfully connected to: "LicenseClient-kenic" at "2026-05-11T05:10:07.9286024Z"
BatchMode: 1, IsHumanControllingUs: 0, StartBugReporterOnCrash: 0, Is64bit: 1
System  architecture: x64
Process architecture: x64
Date: 2026-05-11T05:10:07Z

COMMAND LINE ARGUMENTS:
C:\Program Files\Unity\Hub\Editor\6000.3.10f1\Editor\Unity.exe
-adb2
-batchMode
-noUpm
-name
AssetImportWorker3
-projectPath
C:/Users/kenic/Documents/GitHub/Chaos-Tower-dud/Chaos-Tower-dud
-logFile
Logs/AssetImportWorker3.log
-srvPort
59422
-licensingIpc
LicenseClient-kenic
-job-worker-count
5
-background-job-worker-count
8
-gc-helper-count
1
-name
AssetImport
Successfully changed project path to: C:/Users/kenic/Documents/GitHub/Chaos-Tower-dud/Chaos-Tower-dud
C:/Users/kenic/Documents/GitHub/Chaos-Tower-dud/Chaos-Tower-dud
[UnityMemory] Configuration Parameters - Can be set up in boot.config
    "memorysetup-temp-allocator-size-nav-mesh-worker=65536"
    "memorysetup-temp-allocator-size-audio-worker=65536"
    "memorysetup-temp-allocator-size-gfx=262144"
    "memorysetup-allocator-temp-initial-block-size-main=262144"
    "memorysetup-allocator-temp-initial-block-size-worker=262144"
    "memorysetup-temp-allocator-size-background-worker=32768"
    "memorysetup-temp-allocator-size-job-worker=262144"
    "memorysetup-temp-allocator-size-preload-manager=33554432"
    "memorysetup-temp-allocator-size-gi-baking-worker=262144"
    "memorysetup-temp-allocator-size-gi-baking-worker=262144"
    "memorysetup-temp-allocator-size-gi-baking-worker=262144"
    "memorysetup-temp-allocator-size-gi-baking-worker=262144"
    "memorysetup-temp-allocator-size-gi-baking-worker=262144"
    "memorysetup-bucket-allocator-granularity=16"
    "memorysetup-bucket-allocator-bucket-count=8"
    "memorysetup-bucket-allocator-block-size=33554432"
    "memorysetup-bucket-allocator-block-count=8"
    "memorysetup-main-allocator-block-size=16777216"
    "memorysetup-thread-allocator-block-size=16777216"
    "memorysetup-gfx-main-allocator-block-size=16777216"
    "memorysetup-gfx-thread-allocator-block-size=16777216"
    "memorysetup-cache-allocator-block-size=4194304"
    "memorysetup-typetree-allocator-block-size=2097152"
    "memorysetup-profiler-bucket-allocator-granularity=16"
    "memorysetup-profiler-bucket-allocator-bucket-count=8"
    "memorysetup-profiler-bucket-allocator-block-size=33554432"
    "memorysetup-profiler-bucket-allocator-block-count=8"
    "memorysetup-profiler-allocator-block-size=16777216"
    "memorysetup-profiler-editor-allocator-block-size=1048576"
    "memorysetup-temp-allocator-size-main=16777216"
    "memorysetup-job-temp-allocator-block-size=2097152"
    "memorysetup-job-temp-allocator-block-size-background=1048576"
    "memorysetup-job-temp-allocator-reduction-small-platforms=262144"
    "memorysetup-temp-allocator-size-cloud-worker=32768"
Player connection [20440]  Target information:

Player connection [20440]  * "[IP] 192.168.1.10 [Port] 0 [Flags] 2 [Guid] 3086496153 [EditorId] 3086496153 [Version] 1048832 [Id] WindowsEditor(7,KenichiPC) [Debug] 1 [PackageName] WindowsEditor [ProjectName] Editor" 

Player connection [20440] Host joined multi-casting on [225.0.0.222:54997]...
Player connection [20440] Host joined alternative multi-casting on [225.0.0.222:34997]...
JobSystem: Creating JobQueue using job-worker-count value 5
Input System module state changed to: Initialized.
[Physics::Module] Initialized fallback backend.
[Physics::Module] Id: 0xdecafbad
Library Redirect Path: Library/
[Physics::Module] Selected backend.
[Physics::Module] Name: PhysX
[Physics::Module] Id: 0xf2b8ea05
[Physics::Module] SDK Version: 4.1.2
[Physics::Module] Integration Version: 1.0.0
[Physics::Module] Threading Mode: Multi-Threaded
Refreshing native plugins compatible for Editor in 67.82 ms, found 3 plugins.
Preloading 0 native plugins for Editor in 0.00 ms.
Initialize engine version: 6000.3.10f1 (e35f0c77bd8e)
[Subsystems] Discovering subsystems at path C:/Program Files/Unity/Hub/Editor/6000.3.10f1/Editor/Data/Resources/UnitySubsystems
[Subsystems] Discovering subsystems at path C:/Users/kenic/Documents/GitHub/Chaos-Tower-dud/Chaos-Tower-dud/Assets
GfxDevice: creating device client; kGfxThreadingModeNonThreaded
Direct3D:
    Version:  Direct3D 11.0 [level 11.1]
    Renderer: AMD Radeon RX 5700 XT (ID=0x731f)
    Vendor:   ATI
    VRAM:     8150 MB
    Driver:   32.0.21043.7012
Shader 'Universal Render Pipeline/Nature/SpeedTree7': fallback shader 'Hidden/Universal Render Pipeline/FallbackError' not found
Shader 'Universal Render Pipeline/Nature/SpeedTree7': dependency 'BillboardShader' shader 'Universal Render Pipeline/Nature/SpeedTree7 Billboard' not found
Shader 'Hidden/Universal Render Pipeline/StencilDeferred': fallback shader 'Hidden/Universal Render Pipeline/FallbackError' not found
Shader 'Hidden/Universal Render Pipeline/ClusterDeferred': fallback shader 'Hidden/Universal Render Pipeline/FallbackError' not found
Shader 'Hidden/Universal Render Pipeline/FallbackError': fallback shader 'Hidden/Core/FallbackError' not found
Shader 'Universal Render Pipeline/Lit': fallback shader 'Hidden/Universal Render Pipeline/FallbackError' not found
Shader 'Universal Render Pipeline/Particles/Unlit': fallback shader 'Hidden/Universal Render Pipeline/FallbackError' not found
Shader 'Universal Render Pipeline/VR/SpatialMapping/Occlusion': fallback shader 'Hidden/Universal Render Pipeline/FallbackError' not found
Shader 'Universal Render Pipeline/VR/SpatialMapping/Wireframe': fallback shader 'Hidden/Universal Render Pipeline/FallbackError' not found
Shader 'Universal Render Pipeline/Simple Lit': fallback shader 'Hidden/Universal Render Pipeline/FallbackError' not found
Shader 'TextMeshPro/Distance Field': fallback shader 'TextMeshPro/Mobile/Distance Field' not found
Shader 'Universal Render Pipeline/Particles/Simple Lit': fallback shader 'Universal Render Pipeline/Particles/Unlit' not found
Shader 'Universal Render Pipeline/Particles/Lit': fallback shader 'Universal Render Pipeline/Particles/Simple Lit' not found
Shader 'Universal Render Pipeline/Nature/SpeedTree7 Billboard': fallback shader 'Hidden/Universal Render Pipeline/FallbackError' not found
Shader 'Universal Render Pipeline/Complex Lit': fallback shader 'Hidden/Universal Render Pipeline/FallbackError' not found
Shader 'Universal Render Pipeline/Nature/SpeedTree8': fallback shader 'Hidden/Universal Render Pipeline/FallbackError' not found
Shader 'Hidden/Universal Render Pipeline/Terrain/Lit (Add Pass)': fallback shader 'Hidden/Universal Render Pipeline/FallbackError' not found
Shader 'TextMeshPro/Distance Field Overlay': fallback shader 'TextMeshPro/Mobile/Distance Field' not found
Shader 'Universal Render Pipeline/Baked Lit': fallback shader 'Universal Render Pipeline/Unlit' not found
Shader 'TextMeshPro/Distance Field SSD': fallback shader 'TextMeshPro/Mobile/Distance Field' not found
Shader 'Universal Render Pipeline/Unlit': fallback shader 'Hidden/Universal Render Pipeline/FallbackError' not found
Initialize mono
Mono path[0] = 'C:/Program Files/Unity/Hub/Editor/6000.3.10f1/Editor/Data/Managed'
Mono path[1] = 'C:/Program Files/Unity/Hub/Editor/6000.3.10f1/Editor/Data/MonoBleedingEdge/lib/mono/unityjit-win32'
Mono config path = 'C:/Program Files/Unity/Hub/Editor/6000.3.10f1/Editor/Data/MonoBleedingEdge/etc'
Using monoOptions --debugger-agent=transport=dt_socket,embedding=1,server=y,suspend=n,address=127.0.0.1:56412
Begin MonoManager ReloadAssembly
Registering precompiled unity dll's ...
Register platform support module: C:/Program Files/Unity/Hub/Editor/6000.3.10f1/Editor/Data/PlaybackEngines/WindowsStandaloneSupport/UnityEditor.WindowsStandalone.Extensions.dll
Registered in 0.002291 seconds.
- Loaded All Assemblies, in  0.775 seconds
Native extension for WindowsStandalone target not found
ScheduleIndexationOnStartup MainProcess:False IndexOnStartup:True
Mono: successfully reloaded assembly
- Finished resetting the current domain, in  1.182 seconds
Domain Reload Profiling: 1954ms
	BeginReloadAssembly (280ms)
		ExecutionOrderSort (0ms)
		DisableScriptedObjects (0ms)
		BackupInstance (0ms)
		ReleaseScriptingObjects (0ms)
		CreateAndSetChildDomain (2ms)
	RebuildCommonClasses (54ms)
	RebuildNativeTypeToScriptingClass (21ms)
	initialDomainReloadingComplete (67ms)
	LoadAllAssembliesAndSetupDomain (350ms)
		LoadAssemblies (274ms)
		RebuildTransferFunctionScriptingTraits (0ms)
		AnalyzeDomain (343ms)
			TypeCache.Refresh (341ms)
				TypeCache.ScanAssembly (308ms)
			BuildScriptInfoCaches (0ms)
			ResolveRequiredComponents (1ms)
	FinalizeReload (1183ms)
		ReleaseScriptCaches (0ms)
		RebuildScriptCaches (0ms)
		SetupLoadedEditorAssemblies (1106ms)
			LogAssemblyErrors (0ms)
			InitializePlatformSupportModulesInManaged (120ms)
			SetLoadedEditorAssemblies (8ms)
			BeforeProcessingInitializeOnLoad (420ms)
			ProcessInitializeOnLoadAttributes (312ms)
			ProcessInitializeOnLoadMethodAttributes (245ms)
			AfterProcessingInitializeOnLoad (0ms)
			EditorAssembliesLoaded (1ms)
		ExecutionOrderSort2 (0ms)
		AwakeInstancesAfterBackupRestoration (0ms)
Assembly reference Packages/com.unity.cinemachine/Editor/Samples/ExposeHDRPInternals/HDRP-Editor-ref.asmref has no target assembly definition
========================================================================
Worker process is ready to serve import requests
Import Worker Mode flag is 0x00
Assembly reference Packages/com.unity.cinemachine/Editor/Samples/ExposeHDRPInternals/HDRP-Editor-ref.asmref has no target assembly definition
Assembly reference Packages/com.unity.cinemachine/Editor/Samples/ExposeHDRPInternals/HDRP-Editor-ref.asmref has no target assembly definition
Begin MonoManager ReloadAssembly
[Licensing::Module] Licensing is not yet initialized.
[Licensing::Client] Handshaking with LicensingClient:
  Version:                 1.17.4+4293ba1
  Session Id:              db1a0b11eede4191b24686d1bb962cbd
  Correlation Id:          720bcdc24e6dc7d06f701873b046489e
  External correlation Id: 8392886883638442154
  Machine Id:              FlRB7gT6tI5llBY/k4R3uhYyhzw=
[Licensing::Module] Successfully connected to LicensingClient on channel: "LicenseClient-kenic" (connect: 0.00s, validation: 0.00s, handshake: 5.60s)
[Licensing::IpcConnector] Successfully connected to: "LicenseClient-kenic-notifications" at "2026-05-11T05:10:13.5391836Z"
[Licensing::Module] Licensing Background thread has ended after 5.61s
[Licensing::Module] Licensing is initialized (took 2.23s).
[Licensing::Client] Successfully resolved entitlement details
[Licensing::Module] License group:
  Id: 4674152843019-UnityPersXXXX
  Product: Unity Personal
  Type: Assigned
  Expiration: Unlimited
- Loaded All Assemblies, in  3.643 seconds
Assembly reference Packages/com.unity.cinemachine/Editor/Samples/ExposeHDRPInternals/HDRP-Editor-ref.asmref has no target assembly definition
'Packages/com.unity.cinemachine/Editor/Obsolete/CinemachineVirtualCameraBaseEditor.cs' contains partial class of Unity.Object, exactly 1 of the partial classes needs to be in a file with the same filename. This is to know the one that can be referenced from ie. GameObjects
'Packages/com.unity.cinemachine/Editor/Editors/CinemachineVirtualCameraBaseEditor.cs' contains partial class of Unity.Object, exactly 1 of the partial classes needs to be in a file with the same filename. This is to know the one that can be referenced from ie. GameObjects
Refreshing native plugins compatible for Editor in 2.22 ms, found 3 plugins.
Shader 'Universal Render Pipeline/Terrain/Lit': fallback shader 'Hidden/Universal Render Pipeline/FallbackError' not found
Shader 'Universal Render Pipeline/Terrain/Lit': dependency 'AddPassShader' shader 'Hidden/Universal Render Pipeline/Terrain/Lit (Add Pass)' not found
Shader 'Universal Render Pipeline/Terrain/Lit': dependency 'BaseMapShader' shader 'Hidden/Universal Render Pipeline/Terrain/Lit (Base Pass)' not found
Shader 'Universal Render Pipeline/Terrain/Lit': dependency 'BaseMapGenShader' shader 'Hidden/Universal Render Pipeline/Terrain/Lit (Basemap Gen)' not found
Native extension for WindowsStandalone target not found
Assembly reference Packages/com.unity.cinemachine/Editor/Samples/ExposeHDRPInternals/HDRP-Editor-ref.asmref has no target assembly definition
Package Manager log level set to [2]
[Package Manager] Failed to launch server process. Reason: Unity was launched with the -noUpm command-line argument
[Package Manager] Unable to send message (not connected to server process).
[Package Manager] Cannot connect to Unity Package Manager local server
[Package Manager] Failed to launch server process. Reason: Unity was launched with the -noUpm command-line argument
[Package Manager] Unable to send message (not connected to server process).
[Package Manager] Cannot connect to Unity Package Manager local server
ScheduleIndexationOnStartup MainProcess:False IndexOnStartup:True
Mono: successfully reloaded assembly
- Finished resetting the current domain, in  1.169 seconds
Domain Reload Profiling: 4807ms
	BeginReloadAssembly (2483ms)
		ExecutionOrderSort (0ms)
		DisableScriptedObjects (8ms)
		BackupInstance (0ms)
		ReleaseScriptingObjects (0ms)
		CreateAndSetChildDomain (45ms)
	RebuildCommonClasses (55ms)
	RebuildNativeTypeToScriptingClass (19ms)
	initialDomainReloadingComplete (93ms)
	LoadAllAssembliesAndSetupDomain (988ms)
		LoadAssemblies (691ms)
		RebuildTransferFunctionScriptingTraits (0ms)
		AnalyzeDomain (440ms)
			TypeCache.Refresh (283ms)
				TypeCache.ScanAssembly (260ms)
			BuildScriptInfoCaches (132ms)
			ResolveRequiredComponents (18ms)
	FinalizeReload (1169ms)
		ReleaseScriptCaches (0ms)
		RebuildScriptCaches (0ms)
		SetupLoadedEditorAssemblies (850ms)
			LogAssemblyErrors (0ms)
			InitializePlatformSupportModulesInManaged (2ms)
			SetLoadedEditorAssemblies (7ms)
			BeforeProcessingInitializeOnLoad (254ms)
			ProcessInitializeOnLoadAttributes (493ms)
			ProcessInitializeOnLoadMethodAttributes (90ms)
			AfterProcessingInitializeOnLoad (4ms)
			EditorAssembliesLoaded (0ms)
		ExecutionOrderSort2 (0ms)
		AwakeInstancesAfterBackupRestoration (6ms)
WARNING: Shader Unsupported: 'Hidden/Universal Render Pipeline/Terrain/Lit (Base Pass)' - All subshaders removed
WARNING: Shader Did you use #pragma only_renderers and omit this platform?
WARNING: Shader If subshaders removal was intentional, you may have forgotten turning Fallback off?
WARNING: Shader Unsupported: 'Hidden/Universal Render Pipeline/Terrain/Lit (Base Pass)' - All subshaders removed
WARNING: Shader Did you use #pragma only_renderers and omit this platform?
WARNING: Shader If subshaders removal was intentional, you may have forgotten turning Fallback off?
Launched and connected shader compiler UnityShaderCompiler.exe after 0.01 seconds
Refreshing native plugins compatible for Editor in 9.27 ms, found 3 plugins.
Preloading 0 native plugins for Editor in 0.00 ms.
Unloading 18 Unused Serialized files (Serialized files now loaded: 0)
Unloading 6620 unused Assets / (2.6 MB). Loaded Objects now: 7432.
Memory consumption went from 149.4 MB to 146.9 MB.
Total: 16.931700 ms (FindLiveObjects: 1.562400 ms CreateObjectMapping: 0.934700 ms MarkObjects: 10.848700 ms  DeleteObjects: 3.584500 ms)

========================================================================
Received Import Request.
  Time since last request: 301664.379733 seconds.
  path: Assets/Prefabs/Block6.prefab
  artifactKey: Guid(5469e280a73787a42b40338785dfb49f) Importer(2089858483,b0f066a214c2f5e87bad3c948f4d605d)
Start importing Assets/Prefabs/Block6.prefab using Guid(5469e280a73787a42b40338785dfb49f) Importer(2089858483,b0f066a214c2f5e87bad3c948f4d605d) (ScriptedImporter) -> (artifact id: '9279c3a4b0760824dd1c2d76539f1107') in 0.2323915 seconds
Number of updated asset objects reloaded before import = 0Number of asset objects unloaded after import = 11

========================================================================
Received Import Request.
  Time since last request: 0.000022 seconds.
  path: Assets/AllSkyFree/Cartoon Base BlueSky/Sky_Day_BlueSky_Nothing_Cam_0_Front+Z.png
  artifactKey: Guid(d731d71c2b8e94c18b5ef8be277e6773) Importer(2089858483,b0f066a214c2f5e87bad3c948f4d605d)
Start importing Assets/AllSkyFree/Cartoon Base BlueSky/Sky_Day_BlueSky_Nothing_Cam_0_Front+Z.png using Guid(d731d71c2b8e94c18b5ef8be277e6773) Importer(2089858483,b0f066a214c2f5e87bad3c948f4d605d) (ScriptedImporter) -> (artifact id: 'd143895df3945bab6e93aa3accaa0fdb') in 0.045124 seconds
Number of updated asset objects reloaded before import = 0Number of asset objects unloaded after import = 1

========================================================================
Received Import Request.
  Time since last request: 0.000035 seconds.
  path: Assets/AllSkyFree/Cold Night/Cold Night__Cam_4_Up+Y.png
  artifactKey: Guid(3d6928c404a7c46c3991bb1b73521d66) Importer(2089858483,b0f066a214c2f5e87bad3c948f4d605d)
Start importing Assets/AllSkyFree/Cold Night/Cold Night__Cam_4_Up+Y.png using Guid(3d6928c404a7c46c3991bb1b73521d66) Importer(2089858483,b0f066a214c2f5e87bad3c948f4d605d) (ScriptedImporter) -> (artifact id: 'a8daf1acc67bf1379dfc3e546e9e632f') in 0.0245725 seconds
Number of updated asset objects reloaded before import = 0Number of asset objects unloaded after import = 1

========================================================================
Received Import Request.
  Time since last request: 0.000017 seconds.
  path: Assets/Prefabs/Block3.prefab
  artifactKey: Guid(6f758a5ce076c1649bee7f07e9c3a5c1) Importer(2089858483,b0f066a214c2f5e87bad3c948f4d605d)
Start importing Assets/Prefabs/Block3.prefab using Guid(6f758a5ce076c1649bee7f07e9c3a5c1) Importer(2089858483,b0f066a214c2f5e87bad3c948f4d605d) (ScriptedImporter) -> (artifact id: '510ec98dbbb0b0a9e0377920bb625c81') in 0.0239213 seconds
Number of updated asset objects reloaded before import = 0Number of asset objects unloaded after import = 11

========================================================================
Received Import Request.
  Time since last request: 0.000019 seconds.
  path: Assets/AllSkyFree/Cold Night/Cold Night Equirect.png
  artifactKey: Guid(97259d0c0ea9f491692be825da27978a) Importer(2089858483,b0f066a214c2f5e87bad3c948f4d605d)
Start importing Assets/AllSkyFree/Cold Night/Cold Night Equirect.png using Guid(97259d0c0ea9f491692be825da27978a) Importer(2089858483,b0f066a214c2f5e87bad3c948f4d605d) (ScriptedImporter) -> (artifact id: '0bf8be505de51b1b8a710a99c57d5ba9') in 0.0571666 seconds
Number of updated asset objects reloaded before import = 0Number of asset objects unloaded after import = 1

========================================================================
Received Import Request.
  Time since last request: 0.000016 seconds.
  path: Assets/AutoSetup_Resources/Effects.prefab
  artifactKey: Guid(80962bf40d6b323438a36c1a2874f022) Importer(2089858483,b0f066a214c2f5e87bad3c948f4d605d)
Start importing Assets/AutoSetup_Resources/Effects.prefab using Guid(80962bf40d6b323438a36c1a2874f022) Importer(2089858483,b0f066a214c2f5e87bad3c948f4d605d) (ScriptedImporter) -> (artifact id: 'f095811825b64d123d707a8c7fb70ca7') in 0.019707 seconds
Number of updated asset objects reloaded before import = 0Number of asset objects unloaded after import = 16

========================================================================
Received Import Request.
  Time since last request: 0.000026 seconds.
  path: Assets/AllSkyFree/Cartoon Base NightSky/Cartoon Base NightSky_Cam_0_Front+Z.png
  artifactKey: Guid(5cd44424375bd4ad69191a50c41ec04d) Importer(2089858483,b0f066a214c2f5e87bad3c948f4d605d)
Start importing Assets/AllSkyFree/Cartoon Base NightSky/Cartoon Base NightSky_Cam_0_Front+Z.png using Guid(5cd44424375bd4ad69191a50c41ec04d) Importer(2089858483,b0f066a214c2f5e87bad3c948f4d605d) (ScriptedImporter) -> (artifact id: '4a4c5d324874001aedf30a9408fca70b') in 0.0154548 seconds
Number of updated asset objects reloaded before import = 0Number of asset objects unloaded after import = 1

========================================================================
Received Import Request.
  Time since last request: 0.000019 seconds.
  path: Assets/Prefabs/Block5.prefab
  artifactKey: Guid(17b0eec59982bb649be2f2d3529aff19) Importer(2089858483,b0f066a214c2f5e87bad3c948f4d605d)
Start importing Assets/Prefabs/Block5.prefab using Guid(17b0eec59982bb649be2f2d3529aff19) Importer(2089858483,b0f066a214c2f5e87bad3c948f4d605d) (ScriptedImporter) -> (artifact id: '6063bb5e7716c9e274268534e538178f') in 0.0157872 seconds
Number of updated asset objects reloaded before import = 0Number of asset objects unloaded after import = 11

========================================================================
Received Import Request.
  Time since last request: 0.000021 seconds.
  path: Assets/AutoSetup_Resources/Directional Light.prefab
  artifactKey: Guid(24cfd328ca44d8b4fa3638409adb082c) Importer(2089858483,b0f066a214c2f5e87bad3c948f4d605d)
Start importing Assets/AutoSetup_Resources/Directional Light.prefab using Guid(24cfd328ca44d8b4fa3638409adb082c) Importer(2089858483,b0f066a214c2f5e87bad3c948f4d605d) (ScriptedImporter) -> (artifact id: '83096dff7bb74794ad82ffa3b0088159') in 0.0326168 seconds
Number of updated asset objects reloaded before import = 0Number of asset objects unloaded after import = 6

========================================================================
Received Import Request.
  Time since last request: 0.000015 seconds.
  path: Assets/Prefabs/Rock2.prefab
  artifactKey: Guid(d3703fcf1b8a11644a01916f5871d758) Importer(2089858483,b0f066a214c2f5e87bad3c948f4d605d)
Start importing Assets/Prefabs/Rock2.prefab using Guid(d3703fcf1b8a11644a01916f5871d758) Importer(2089858483,b0f066a214c2f5e87bad3c948f4d605d) (ScriptedImporter) -> (artifact id: '89151abc08a9a3901d0b39c8587cad7d') in 0.0208914 seconds
Number of updated asset objects reloaded before import = 0Number of asset objects unloaded after import = 21

========================================================================
Received Import Request.
  Time since last request: 0.000020 seconds.
  path: Assets/AllSkyFree/Cold Night/Cold Night Equirect.mat
  artifactKey: Guid(eac2ef371405749e0bd050b4c3272f16) Importer(2089858483,b0f066a214c2f5e87bad3c948f4d605d)
Start importing Assets/AllSkyFree/Cold Night/Cold Night Equirect.mat using Guid(eac2ef371405749e0bd050b4c3272f16) Importer(2089858483,b0f066a214c2f5e87bad3c948f4d605d) (ScriptedImporter) -> (artifact id: '36471bf5f05d2bb05cb7fcf29bd76b23') in 0.0296867 seconds
Number of updated asset objects reloaded before import = 0Number of asset objects unloaded after import = 2

========================================================================
Received Import Request.
  Time since last request: 0.000035 seconds.
  path: Assets/Msterials/Green.mat
  artifactKey: Guid(d2f3b43238cd4774da02065413aebbd6) Importer(2089858483,b0f066a214c2f5e87bad3c948f4d605d)
Start importing Assets/Msterials/Green.mat using Guid(d2f3b43238cd4774da02065413aebbd6) Importer(2089858483,b0f066a214c2f5e87bad3c948f4d605d) (ScriptedImporter) -> (artifact id: '466d4590446a764a85a9faf012f2dfb8') in 0.0130227 seconds
Number of updated asset objects reloaded before import = 0Number of asset objects unloaded after import = 1

========================================================================
Received Import Request.
  Time since last request: 0.000024 seconds.
  path: Assets/AllSkyFree/Cartoon Base NightSky/Cartoon Base NightSky_Cam_1_Back-Z.png
  artifactKey: Guid(baee46fd4fc8d4898864f4963bb39f34) Importer(2089858483,b0f066a214c2f5e87bad3c948f4d605d)
Start importing Assets/AllSkyFree/Cartoon Base NightSky/Cartoon Base NightSky_Cam_1_Back-Z.png using Guid(baee46fd4fc8d4898864f4963bb39f34) Importer(2089858483,b0f066a214c2f5e87bad3c948f4d605d) (ScriptedImporter) -> (artifact id: 'dd5e3e9f4811a5da25e81722a8d9628b') in 0.0186932 seconds
Number of updated asset objects reloaded before import = 0Number of asset objects unloaded after import = 1

========================================================================
Received Import Request.
  Time since last request: 0.000018 seconds.
  path: Assets/Prefabs/Block2.prefab
  artifactKey: Guid(a3151ef5db6f2c24baf0d55caa7c7e1f) Importer(2089858483,b0f066a214c2f5e87bad3c948f4d605d)
Start importing Assets/Prefabs/Block2.prefab using Guid(a3151ef5db6f2c24baf0d55caa7c7e1f) Importer(2089858483,b0f066a214c2f5e87bad3c948f4d605d) (ScriptedImporter) -> (artifact id: '53a1df4dcfa273b6d8697d1c9d7caaec') in 0.0206116 seconds
Number of updated asset objects reloaded before import = 0Number of asset objects unloaded after import = 11

========================================================================
Received Import Request.
  Time since last request: 0.000025 seconds.
  path: Assets/AllSkyFree/Cold Sunset/Cold Sunset__Cam_0_Front+Z.png
  artifactKey: Guid(6774108631deb4532b5f7df6e4f779a7) Importer(2089858483,b0f066a214c2f5e87bad3c948f4d605d)
Start importing Assets/AllSkyFree/Cold Sunset/Cold Sunset__Cam_0_Front+Z.png using Guid(6774108631deb4532b5f7df6e4f779a7) Importer(2089858483,b0f066a214c2f5e87bad3c948f4d605d) (ScriptedImporter) -> (artifact id: '00970986930a93bdff340f5c5a673dad') in 0.0169066 seconds
Number of updated asset objects reloaded before import = 0Number of asset objects unloaded after import = 1

========================================================================
Received Import Request.
  Time since last request: 0.000020 seconds.
  path: Assets/AllSkyFree/Deep Dusk/Deep Dusk__Cam_0_Front+Z.png
  artifactKey: Guid(5fdaaa9d974104e6d8f9e575170a0c70) Importer(2089858483,b0f066a214c2f5e87bad3c948f4d605d)
Start importing Assets/AllSkyFree/Deep Dusk/Deep Dusk__Cam_0_Front+Z.png using Guid(5fdaaa9d974104e6d8f9e575170a0c70) Importer(2089858483,b0f066a214c2f5e87bad3c948f4d605d) (ScriptedImporter) -> (artifact id: 'de72c04c3e5a9fc2b6beca7ec46c1c3b') in 0.0186236 seconds
Number of updated asset objects reloaded before import = 0Number of asset objects unloaded after import = 1

========================================================================
Received Import Request.
  Time since last request: 0.000025 seconds.
  path: Assets/AllSkyFree/Night MoonBurst/Night Moon Burst.unity
  artifactKey: Guid(40af7173f2b2d4f9283c3832d0ebcb31) Importer(2089858483,b0f066a214c2f5e87bad3c948f4d605d)
Start importing Assets/AllSkyFree/Night MoonBurst/Night Moon Burst.unity using Guid(40af7173f2b2d4f9283c3832d0ebcb31) Importer(2089858483,b0f066a214c2f5e87bad3c948f4d605d) (ScriptedImporter) -> (artifact id: 'b77e4baeb851cc649197684b6f125285') in 0.0127956 seconds
Number of updated asset objects reloaded before import = 0Number of asset objects unloaded after import = 1

========================================================================
Received Import Request.
  Time since last request: 0.000024 seconds.
  path: Assets/AllSkyFree/Night MoonBurst/Night Moon Burst.mat
  artifactKey: Guid(c494c335823f54b52b2e87e1b7a63a23) Importer(2089858483,b0f066a214c2f5e87bad3c948f4d605d)
Start importing Assets/AllSkyFree/Night MoonBurst/Night Moon Burst.mat using Guid(c494c335823f54b52b2e87e1b7a63a23) Importer(2089858483,b0f066a214c2f5e87bad3c948f4d605d) (ScriptedImporter) -> (artifact id: 'dfa9c78db260453d132b55973b4d38e8') in 0.0350543 seconds
Number of updated asset objects reloaded before import = 0Number of asset objects unloaded after import = 7

========================================================================
Received Import Request.
  Time since last request: 0.000018 seconds.
  path: Assets/AllSkyFree/Night MoonBurst/Night Moon Burst_Cam_1_Back-Z.png
  artifactKey: Guid(88710d7f2a0fa4bfeacbf7045be893fc) Importer(2089858483,b0f066a214c2f5e87bad3c948f4d605d)
Start importing Assets/AllSkyFree/Night MoonBurst/Night Moon Burst_Cam_1_Back-Z.png using Guid(88710d7f2a0fa4bfeacbf7045be893fc) Importer(2089858483,b0f066a214c2f5e87bad3c948f4d605d) (ScriptedImporter) -> (artifact id: '6dcff562fb26900be1228ac550928502') in 0.0197872 seconds
Number of updated asset objects reloaded before import = 0Number of asset objects unloaded after import = 1

========================================================================
Received Import Request.
  Time since last request: 0.000023 seconds.
  path: Assets/AllSkyFree/Epic_GloriousPink/Epic_GloriousPink_Cam_4_Up+Y.png
  artifactKey: Guid(c3e1d31cf8ef742ad8aed75a1fdaff49) Importer(2089858483,b0f066a214c2f5e87bad3c948f4d605d)
Start importing Assets/AllSkyFree/Epic_GloriousPink/Epic_GloriousPink_Cam_4_Up+Y.png using Guid(c3e1d31cf8ef742ad8aed75a1fdaff49) Importer(2089858483,b0f066a214c2f5e87bad3c948f4d605d) (ScriptedImporter) -> (artifact id: '46cd98391dbc1aebfd6cf5b2e2ff08e7') in 0.0216943 seconds
Number of updated asset objects reloaded before import = 0Number of asset objects unloaded after import = 1

========================================================================
Received Import Request.
  Time since last request: 0.000069 seconds.
  path: Assets/AllSkyFree/Epic_BlueSunset/Epic_BlueSunset_Cam_3_Right-X.png
  artifactKey: Guid(04869052f46ba428caebe862513e3b5d) Importer(2089858483,b0f066a214c2f5e87bad3c948f4d605d)
Start importing Assets/AllSkyFree/Epic_BlueSunset/Epic_BlueSunset_Cam_3_Right-X.png using Guid(04869052f46ba428caebe862513e3b5d) Importer(2089858483,b0f066a214c2f5e87bad3c948f4d605d) (ScriptedImporter) -> (artifact id: 'c2376bca5215a6324e15f882e81dfc1f') in 0.0214098 seconds
Number of updated asset objects reloaded before import = 0Number of asset objects unloaded after import = 1

========================================================================
Received Import Request.
  Time since last request: 0.000024 seconds.
  path: Assets/AllSkyFree/Cartoon Base NightSky/Cartoon Base NightSky_Cam_5_Down-Y.png
  artifactKey: Guid(e23c4e30896d34af5beb066fcf2790c7) Importer(2089858483,b0f066a214c2f5e87bad3c948f4d605d)
Start importing Assets/AllSkyFree/Cartoon Base NightSky/Cartoon Base NightSky_Cam_5_Down-Y.png using Guid(e23c4e30896d34af5beb066fcf2790c7) Importer(2089858483,b0f066a214c2f5e87bad3c948f4d605d) (ScriptedImporter) -> (artifact id: 'b5f4bd441df7d0168b02352b02126ebf') in 0.0166654 seconds
Number of updated asset objects reloaded before import = 0Number of asset objects unloaded after import = 1

========================================================================
Received Import Request.
  Time since last request: 0.000022 seconds.
  path: Assets/Msterials/Yellow.mat
  artifactKey: Guid(3f3821caeafce584c9f3659e85466177) Importer(2089858483,b0f066a214c2f5e87bad3c948f4d605d)
Start importing Assets/Msterials/Yellow.mat using Guid(3f3821caeafce584c9f3659e85466177) Importer(2089858483,b0f066a214c2f5e87bad3c948f4d605d) (ScriptedImporter) -> (artifact id: '7db7630f0632e3495c641b109abed1e2') in 0.0146327 seconds
Number of updated asset objects reloaded before import = 0Number of asset objects unloaded after import = 1

========================================================================
Received Import Request.
  Time since last request: 0.000028 seconds.
  path: Assets/AllSkyFree/Night MoonBurst/AllSky_Night_MoonBurst Equirect.png
  artifactKey: Guid(34a763168147f4182a21b9fd004d67de) Importer(2089858483,b0f066a214c2f5e87bad3c948f4d605d)
Start importing Assets/AllSkyFree/Night MoonBurst/AllSky_Night_MoonBurst Equirect.png using Guid(34a763168147f4182a21b9fd004d67de) Importer(2089858483,b0f066a214c2f5e87bad3c948f4d605d) (ScriptedImporter) -> (artifact id: '5732f0bcd31c760ae910a9de749c5bc5') in 0.0361139 seconds
Number of updated asset objects reloaded before import = 0Number of asset objects unloaded after import = 1

========================================================================
Received Import Request.
  Time since last request: 0.000023 seconds.
  path: Assets/AllSkyFree/Epic_GloriousPink/Epic_GloriousPink_Cam_5_Down-Y.png
  artifactKey: Guid(213ae241f43b44b3f961dd8739080120) Importer(2089858483,b0f066a214c2f5e87bad3c948f4d605d)
Start importing Assets/AllSkyFree/Epic_GloriousPink/Epic_GloriousPink_Cam_5_Down-Y.png using Guid(213ae241f43b44b3f961dd8739080120) Importer(2089858483,b0f066a214c2f5e87bad3c948f4d605d) (ScriptedImporter) -> (artifact id: 'ad326bd66fc57b680989f2dce213de27') in 0.0196313 seconds
Number of updated asset objects reloaded before import = 0Number of asset objects unloaded after import = 1

========================================================================
Received Import Request.
  Time since last request: 0.000030 seconds.
  path: Assets/AllSkyFree/Epic_BlueSunset/Epic_BlueSunset_Cam_2_Left+X.png
  artifactKey: Guid(604c8e250817f485c97f85e8237f7524) Importer(2089858483,b0f066a214c2f5e87bad3c948f4d605d)
Start importing Assets/AllSkyFree/Epic_BlueSunset/Epic_BlueSunset_Cam_2_Left+X.png using Guid(604c8e250817f485c97f85e8237f7524) Importer(2089858483,b0f066a214c2f5e87bad3c948f4d605d) (ScriptedImporter) -> (artifact id: 'dd211cf380e0bedae686480c819a26d1') in 0.0228325 seconds
Number of updated asset objects reloaded before import = 0Number of asset objects unloaded after import = 1

========================================================================
Received Import Request.
  Time since last request: 0.000041 seconds.
  path: Assets/AllSkyFree/Night MoonBurst/Night Moon Burst_Cam_5_Down-Y.png
  artifactKey: Guid(771300e956150427f8e4740c74cdd67e) Importer(2089858483,b0f066a214c2f5e87bad3c948f4d605d)
Start importing Assets/AllSkyFree/Night MoonBurst/Night Moon Burst_Cam_5_Down-Y.png using Guid(771300e956150427f8e4740c74cdd67e) Importer(2089858483,b0f066a214c2f5e87bad3c948f4d605d) (ScriptedImporter) -> (artifact id: '83d350b46d105d3604d0e88a3934439d') in 0.0153066 seconds
Number of updated asset objects reloaded before import = 0Number of asset objects unloaded after import = 1

========================================================================
Received Import Request.
  Time since last request: 0.000017 seconds.
  path: Assets/AllSkyFree/Overcast Low/AllSky_Overcast4_Low.mat
  artifactKey: Guid(f2b5f3f20933f434e850db1b710542fd) Importer(2089858483,b0f066a214c2f5e87bad3c948f4d605d)
Start importing Assets/AllSkyFree/Overcast Low/AllSky_Overcast4_Low.mat using Guid(f2b5f3f20933f434e850db1b710542fd) Importer(2089858483,b0f066a214c2f5e87bad3c948f4d605d) (ScriptedImporter) -> (artifact id: 'cf99ccf00b48bfc8f31fc2d24752b3f6') in 0.0268035 seconds
Number of updated asset objects reloaded before import = 0Number of asset objects unloaded after import = 7

========================================================================
Received Import Request.
  Time since last request: 0.000022 seconds.
  path: Assets/AllSkyFree/Space_AnotherPlanet/AllSky_Space_AnotherPlanet_Cam_4_Up+Y.png
  artifactKey: Guid(a6e9f4ff100a94264a812ad74e17416c) Importer(2089858483,b0f066a214c2f5e87bad3c948f4d605d)
Start importing Assets/AllSkyFree/Space_AnotherPlanet/AllSky_Space_AnotherPlanet_Cam_4_Up+Y.png using Guid(a6e9f4ff100a94264a812ad74e17416c) Importer(2089858483,b0f066a214c2f5e87bad3c948f4d605d) (ScriptedImporter) -> (artifact id: '4b9e06f7c011a250a1c491cb4060c5f0') in 0.0176053 seconds
Number of updated asset objects reloaded before import = 0Number of asset objects unloaded after import = 1

========================================================================
Received Import Request.
  Time since last request: 0.000022 seconds.
  path: Assets/Scenes/Auto-Scene/NavMesh-BasePlatform 1.asset
  artifactKey: Guid(8bda4655c3355f44da5925d7b5041df1) Importer(2089858483,b0f066a214c2f5e87bad3c948f4d605d)
Start importing Assets/Scenes/Auto-Scene/NavMesh-BasePlatform 1.asset using Guid(8bda4655c3355f44da5925d7b5041df1) Importer(2089858483,b0f066a214c2f5e87bad3c948f4d605d) (ScriptedImporter) -> (artifact id: 'a2d84c4e7c56249737f05c62f64eed40') in 0.0125541 seconds
Number of updated asset objects reloaded before import = 0Number of asset objects unloaded after import = 1

========================================================================
Received Import Request.
  Time since last request: 0.000022 seconds.
  path: Assets/Fonts/balboa-magic-font/info.txt
  artifactKey: Guid(3fbd3911cf2625f47928903f4a446287) Importer(2089858483,b0f066a214c2f5e87bad3c948f4d605d)
Start importing Assets/Fonts/balboa-magic-font/info.txt using Guid(3fbd3911cf2625f47928903f4a446287) Importer(2089858483,b0f066a214c2f5e87bad3c948f4d605d) (ScriptedImporter) -> (artifact id: '0ae1fc6f227fc8201d52d80ac6a35b88') in 0.0103121 seconds
Number of updated asset objects reloaded before import = 0Number of asset objects unloaded after import = 1

========================================================================
Received Import Request.
  Time since last request: 0.000017 seconds.
  path: Assets/AllSkyFree/Overcast Low/Sky_AllSky_Overcast4_Low_Cam_4_Up+Y.png
  artifactKey: Guid(93ce6277acd7243f685c04cc3c1d0cc4) Importer(2089858483,b0f066a214c2f5e87bad3c948f4d605d)
Start importing Assets/AllSkyFree/Overcast Low/Sky_AllSky_Overcast4_Low_Cam_4_Up+Y.png using Guid(93ce6277acd7243f685c04cc3c1d0cc4) Importer(2089858483,b0f066a214c2f5e87bad3c948f4d605d) (ScriptedImporter) -> (artifact id: '9654e1ad672a2fb0e590c7eba7606858') in 0.0137818 seconds
Number of updated asset objects reloaded before import = 0Number of asset objects unloaded after import = 1

========================================================================
Received Import Request.
  Time since last request: 0.000017 seconds.
  path: Assets/Scripts/Gameplay/BlockSpawner.cs
  artifactKey: Guid(0905b79339475d44e886d6eb83cca798) Importer(2089858483,b0f066a214c2f5e87bad3c948f4d605d)
Start importing Assets/Scripts/Gameplay/BlockSpawner.cs using Guid(0905b79339475d44e886d6eb83cca798) Importer(2089858483,b0f066a214c2f5e87bad3c948f4d605d) (ScriptedImporter) -> (artifact id: '45db44290444c991d4bf54369fd4e44b') in 0.0140489 seconds
Number of updated asset objects reloaded before import = 0Number of asset objects unloaded after import = 0

========================================================================
Received Import Request.
  Time since last request: 0.000015 seconds.
  path: Assets/Scripts/Gameplay/EffectsManager.cs
  artifactKey: Guid(5663e937fab43fe4c99aa1c163a7e8c4) Importer(2089858483,b0f066a214c2f5e87bad3c948f4d605d)
Start importing Assets/Scripts/Gameplay/EffectsManager.cs using Guid(5663e937fab43fe4c99aa1c163a7e8c4) Importer(2089858483,b0f066a214c2f5e87bad3c948f4d605d) (ScriptedImporter) -> (artifact id: 'ef1e0900dbd9850936c2247416645c9f') in 0.0128153 seconds
Number of updated asset objects reloaded before import = 0Number of asset objects unloaded after import = 0

========================================================================
Received Import Request.
  Time since last request: 0.000018 seconds.
  path: Assets/Scripts/Managers/GameManager.cs
  artifactKey: Guid(6fdd884337c56614e93e93a585eb0934) Importer(2089858483,b0f066a214c2f5e87bad3c948f4d605d)
Start importing Assets/Scripts/Managers/GameManager.cs using Guid(6fdd884337c56614e93e93a585eb0934) Importer(2089858483,b0f066a214c2f5e87bad3c948f4d605d) (ScriptedImporter) -> (artifact id: 'f5c2f212a407e91f94f67f2803646af8') in 0.0110719 seconds
Number of updated asset objects reloaded before import = 0Number of asset objects unloaded after import = 0

========================================================================
Received Import Request.
  Time since last request: 0.000030 seconds.
  path: Assets/AutoSetup_Resources/BasePlatform/NavMesh-BasePlatform 1.asset
  artifactKey: Guid(4fbf389d403830a4bad7734eb0afe5a3) Importer(2089858483,b0f066a214c2f5e87bad3c948f4d605d)
Start importing Assets/AutoSetup_Resources/BasePlatform/NavMesh-BasePlatform 1.asset using Guid(4fbf389d403830a4bad7734eb0afe5a3) Importer(2089858483,b0f066a214c2f5e87bad3c948f4d605d) (ScriptedImporter) -> (artifact id: '91aa0c058264af0e88df789848589e0f') in 0.0148796 seconds
Number of updated asset objects reloaded before import = 0Number of asset objects unloaded after import = 1

========================================================================
Received Import Request.
  Time since last request: 0.000017 seconds.
  path: Assets/Texture/dust.png
  artifactKey: Guid(30aa96c797014554cb4e251a3afbec23) Importer(2089858483,b0f066a214c2f5e87bad3c948f4d605d)
Start importing Assets/Texture/dust.png using Guid(30aa96c797014554cb4e251a3afbec23) Importer(2089858483,b0f066a214c2f5e87bad3c948f4d605d) (ScriptedImporter) -> (artifact id: '896a90d56bf94558aa68119fa2bd9199') in 0.0171131 seconds
Number of updated asset objects reloaded before import = 0Number of asset objects unloaded after import = 1

========================================================================
Received Import Request.
  Time since last request: 0.000019 seconds.
  path: Assets/Scripts/SandstormController.cs
  artifactKey: Guid(224763c4c54e79145b6c9ab1e8fc85e0) Importer(2089858483,b0f066a214c2f5e87bad3c948f4d605d)
Start importing Assets/Scripts/SandstormController.cs using Guid(224763c4c54e79145b6c9ab1e8fc85e0) Importer(2089858483,b0f066a214c2f5e87bad3c948f4d605d) (ScriptedImporter) -> (artifact id: '26205960c7cad796b322eab12e0c56bc') in 0.0107635 seconds
Number of updated asset objects reloaded before import = 0Number of asset objects unloaded after import = 0

========================================================================
Received Import Request.
  Time since last request: 0.000021 seconds.
  path: Assets/Texture/chaos_tower_bg3.png
  artifactKey: Guid(8cf597af10a91b345afed89fb5445877) Importer(2089858483,b0f066a214c2f5e87bad3c948f4d605d)
Start importing Assets/Texture/chaos_tower_bg3.png using Guid(8cf597af10a91b345afed89fb5445877) Importer(2089858483,b0f066a214c2f5e87bad3c948f4d605d) (ScriptedImporter) -> (artifact id: 'bb8868910fb17c18253db812e2c75905') in 0.017187 seconds
Number of updated asset objects reloaded before import = 0Number of asset objects unloaded after import = 1

========================================================================
Received Import Request.
  Time since last request: 0.000024 seconds.
  path: Assets/TextMesh Pro/Shaders/TMP_SDF.shader
  artifactKey: Guid(68e6db2ebdc24f95958faec2be5558d6) Importer(2089858483,b0f066a214c2f5e87bad3c948f4d605d)
Start importing Assets/TextMesh Pro/Shaders/TMP_SDF.shader using Guid(68e6db2ebdc24f95958faec2be5558d6) Importer(2089858483,b0f066a214c2f5e87bad3c948f4d605d) (ScriptedImporter) -> (artifact id: '54792797840a95e1b78afee213ed5f58') in 0.0141944 seconds
Number of updated asset objects reloaded before import = 0Number of asset objects unloaded after import = 1

========================================================================
Received Import Request.
  Time since last request: 0.000033 seconds.
  path: Assets/Scripts/Gameplay/BlockChecker.cs
  artifactKey: Guid(46f2e79e493bf0a49bd6b4a8ecc58a73) Importer(2089858483,b0f066a214c2f5e87bad3c948f4d605d)
Start importing Assets/Scripts/Gameplay/BlockChecker.cs using Guid(46f2e79e493bf0a49bd6b4a8ecc58a73) Importer(2089858483,b0f066a214c2f5e87bad3c948f4d605d) (ScriptedImporter) -> (artifact id: '9a1df5afe055b32afc4fe0c6f82b17d9') in 0.0111665 seconds
Number of updated asset objects reloaded before import = 0Number of asset objects unloaded after import = 0

========================================================================
Received Import Request.
  Time since last request: 0.000019 seconds.
  path: Assets/AllSkyFree/Epic_BlueSunset/Epic_BlueSunset_Cam_5_Down-Y.png
  artifactKey: Guid(3e1c1042c332d4444bfe47799ff3e0d3) Importer(2089858483,b0f066a214c2f5e87bad3c948f4d605d)
Start importing Assets/AllSkyFree/Epic_BlueSunset/Epic_BlueSunset_Cam_5_Down-Y.png using Guid(3e1c1042c332d4444bfe47799ff3e0d3) Importer(2089858483,b0f066a214c2f5e87bad3c948f4d605d) (ScriptedImporter) -> (artifact id: '75ea2840d0605d4e457e09f2b06a7e7f') in 0.0166972 seconds
Number of updated asset objects reloaded before import = 0Number of asset objects unloaded after import = 1

========================================================================
Received Import Request.
  Time since last request: 0.000019 seconds.
  path: Assets/AllSkyFree/Deep Dusk/Materials/Deep Dusk Equirect.mat
  artifactKey: Guid(a322659f7cbeb604b86887fb92350d0c) Importer(2089858483,b0f066a214c2f5e87bad3c948f4d605d)
Start importing Assets/AllSkyFree/Deep Dusk/Materials/Deep Dusk Equirect.mat using Guid(a322659f7cbeb604b86887fb92350d0c) Importer(2089858483,b0f066a214c2f5e87bad3c948f4d605d) (ScriptedImporter) -> (artifact id: '96048dcc12e43ee7f2f991ccde054d28') in 0.0250746 seconds
Number of updated asset objects reloaded before import = 0Number of asset objects unloaded after import = 2

========================================================================
Received Import Request.
  Time since last request: 0.000018 seconds.
  path: Assets/TextMesh Pro/Shaders/TMP_SDF-URP Lit.shadergraph
  artifactKey: Guid(a3d800b099a06e0478fb790c5e79057a) Importer(2089858483,b0f066a214c2f5e87bad3c948f4d605d)
Start importing Assets/TextMesh Pro/Shaders/TMP_SDF-URP Lit.shadergraph using Guid(a3d800b099a06e0478fb790c5e79057a) Importer(2089858483,b0f066a214c2f5e87bad3c948f4d605d) (ScriptedImporter) -> (artifact id: '6a59a2f650c0770e321e28212ad0d7e1') in 0.0374603 seconds
Number of updated asset objects reloaded before import = 0Number of asset objects unloaded after import = 4

========================================================================
Received Import Request.
  Time since last request: 0.000022 seconds.
  path: Assets/AllSkyFree/_AllSkyFreeDemoEnvironment/Materials/AllSkyDemoEnv_FlagGreen.mat
  artifactKey: Guid(0acfc71c325c54b92add0b07097b6c57) Importer(2089858483,b0f066a214c2f5e87bad3c948f4d605d)
Start importing Assets/AllSkyFree/_AllSkyFreeDemoEnvironment/Materials/AllSkyDemoEnv_FlagGreen.mat using Guid(0acfc71c325c54b92add0b07097b6c57) Importer(2089858483,b0f066a214c2f5e87bad3c948f4d605d) (ScriptedImporter) -> (artifact id: '610c59939c71df78a4f56abda21f7451') in 0.0111953 seconds
Number of updated asset objects reloaded before import = 0Number of asset objects unloaded after import = 1

========================================================================
Received Import Request.
  Time since last request: 0.000029 seconds.
  path: Assets/TextMesh Pro/Shaders/TMP_SDF-Mobile.shader
  artifactKey: Guid(fe393ace9b354375a9cb14cdbbc28be4) Importer(2089858483,b0f066a214c2f5e87bad3c948f4d605d)
Start importing Assets/TextMesh Pro/Shaders/TMP_SDF-Mobile.shader using Guid(fe393ace9b354375a9cb14cdbbc28be4) Importer(2089858483,b0f066a214c2f5e87bad3c948f4d605d) (ScriptedImporter) -> (artifact id: 'c74154800df6eb81b5a7d9045ac66170') in 0.0126579 seconds
Number of updated asset objects reloaded before import = 0Number of asset objects unloaded after import = 1

========================================================================
Received Import Request.
  Time since last request: 0.000019 seconds.
  path: Assets/TextMesh Pro/Shaders/SDFFunctions.hlsl
  artifactKey: Guid(96de908384869cd409c75efa351d5edf) Importer(2089858483,b0f066a214c2f5e87bad3c948f4d605d)
Start importing Assets/TextMesh Pro/Shaders/SDFFunctions.hlsl using Guid(96de908384869cd409c75efa351d5edf) Importer(2089858483,b0f066a214c2f5e87bad3c948f4d605d) (ScriptedImporter) -> (artifact id: 'fb96e0ef220135e80cbeeea52edf66e6') in 0.0110275 seconds
Number of updated asset objects reloaded before import = 0Number of asset objects unloaded after import = 1

========================================================================
Received Import Request.
  Time since last request: 0.000016 seconds.
  path: Assets/Scripts/Managers/ScoreManager.cs
  artifactKey: Guid(bcc7805b5917c464ead06f4c67e8e583) Importer(2089858483,b0f066a214c2f5e87bad3c948f4d605d)
Start importing Assets/Scripts/Managers/ScoreManager.cs using Guid(bcc7805b5917c464ead06f4c67e8e583) Importer(2089858483,b0f066a214c2f5e87bad3c948f4d605d) (ScriptedImporter) -> (artifact id: '548c02dfeb74b6459cecf827b14c9896') in 0.0112023 seconds
Number of updated asset objects reloaded before import = 0Number of asset objects unloaded after import = 0

========================================================================
Received Import Request.
  Time since last request: 0.000020 seconds.
  path: Assets/TextMesh Pro/Shaders/TMP_SDF-HDRP UNLIT.shadergraph
  artifactKey: Guid(f63d574838ccfb44f84acc05fed0af48) Importer(2089858483,b0f066a214c2f5e87bad3c948f4d605d)
Start importing Assets/TextMesh Pro/Shaders/TMP_SDF-HDRP UNLIT.shadergraph using Guid(f63d574838ccfb44f84acc05fed0af48) Importer(2089858483,b0f066a214c2f5e87bad3c948f4d605d) (ScriptedImporter) -> (artifact id: '6df7c4aae04e81954b280e04db5733fa') in 0.013885 seconds
Number of updated asset objects reloaded before import = 0Number of asset objects unloaded after import = 3

========================================================================
Received Import Request.
  Time since last request: 0.000023 seconds.
  path: Assets/TextMesh Pro/Shaders/TMP_SDF-Mobile-2-Pass.shader
  artifactKey: Guid(0178fcb869bafef4690d177d31d17db8) Importer(2089858483,b0f066a214c2f5e87bad3c948f4d605d)
Start importing Assets/TextMesh Pro/Shaders/TMP_SDF-Mobile-2-Pass.shader using Guid(0178fcb869bafef4690d177d31d17db8) Importer(2089858483,b0f066a214c2f5e87bad3c948f4d605d) (ScriptedImporter) -> (artifact id: 'b4f09db02d874d686a82ab1bee9b37ca') in 0.0109574 seconds
Number of updated asset objects reloaded before import = 0Number of asset objects unloaded after import = 1

========================================================================
Received Import Request.
  Time since last request: 0.000026 seconds.
  path: Assets/TextMesh Pro/Shaders/TMP_Sprite.shader
  artifactKey: Guid(cf81c85f95fe47e1a27f6ae460cf182c) Importer(2089858483,b0f066a214c2f5e87bad3c948f4d605d)
Start importing Assets/TextMesh Pro/Shaders/TMP_Sprite.shader using Guid(cf81c85f95fe47e1a27f6ae460cf182c) Importer(2089858483,b0f066a214c2f5e87bad3c948f4d605d) (ScriptedImporter) -> (artifact id: 'a182b5a40af7b20d044a215a6f4229e7') in 0.0126365 seconds
Number of updated asset objects reloaded before import = 0Number of asset objects unloaded after import = 1

========================================================================
Received Import Request.
  Time since last request: 0.000018 seconds.
  path: Assets/Sketchfab For Unity/Dependencies/Resources/TitilliumWeb-Black.ttf
  artifactKey: Guid(5c64e4ab5706b264a8fc4bd300391c17) Importer(2089858483,b0f066a214c2f5e87bad3c948f4d605d)
Start importing Assets/Sketchfab For Unity/Dependencies/Resources/TitilliumWeb-Black.ttf using Guid(5c64e4ab5706b264a8fc4bd300391c17) Importer(2089858483,b0f066a214c2f5e87bad3c948f4d605d) (ScriptedImporter) -> (artifact id: '1e7f92ff6818386222d64b3b9a836732') in 0.0194471 seconds
Number of updated asset objects reloaded before import = 0Number of asset objects unloaded after import = 3

========================================================================
Received Import Request.
  Time since last request: 0.000018 seconds.
  path: Assets/AllSkyFree/_AllSkyFreeDemoEnvironment/Materials/TreeLeaves.mat
  artifactKey: Guid(859d8bfade5afe84f9953a7bf4be9270) Importer(2089858483,b0f066a214c2f5e87bad3c948f4d605d)
Start importing Assets/AllSkyFree/_AllSkyFreeDemoEnvironment/Materials/TreeLeaves.mat using Guid(859d8bfade5afe84f9953a7bf4be9270) Importer(2089858483,b0f066a214c2f5e87bad3c948f4d605d) (ScriptedImporter) -> (artifact id: '8cc2d8a627a025f851e490eeb0134faa') in 0.0115201 seconds
Number of updated asset objects reloaded before import = 0Number of asset objects unloaded after import = 1

========================================================================
Received Import Request.
  Time since last request: 0.000014 seconds.
  path: Assets/TextMesh Pro/Resources/Fonts & Materials/LiberationSans SDF - Outline.mat
  artifactKey: Guid(79459efec17a4d00a321bdcc27bbc385) Importer(2089858483,b0f066a214c2f5e87bad3c948f4d605d)
Start importing Assets/TextMesh Pro/Resources/Fonts & Materials/LiberationSans SDF - Outline.mat using Guid(79459efec17a4d00a321bdcc27bbc385) Importer(2089858483,b0f066a214c2f5e87bad3c948f4d605d) (ScriptedImporter) -> (artifact id: '01fb714bfd975e95af5d5cb6c2d8ebaa') in 0.0288496 seconds
Number of updated asset objects reloaded before import = 0Number of asset objects unloaded after import = 2

========================================================================
Received Import Request.
  Time since last request: 0.000030 seconds.
  path: Assets/Scripts/T2M/Settings/T2MUserSettings.cs
  artifactKey: Guid(87e97777e23ec4a4eb9c9ea8ae337037) Importer(2089858483,b0f066a214c2f5e87bad3c948f4d605d)
Start importing Assets/Scripts/T2M/Settings/T2MUserSettings.cs using Guid(87e97777e23ec4a4eb9c9ea8ae337037) Importer(2089858483,b0f066a214c2f5e87bad3c948f4d605d) (ScriptedImporter) -> (artifact id: '575624de9d951ddf60c9f9912cf3d5e9') in 0.0116264 seconds
Number of updated asset objects reloaded before import = 0Number of asset objects unloaded after import = 0

========================================================================
Received Import Request.
  Time since last request: 0.000030 seconds.
  path: Assets/Fonts/peace-marker-font/misc/READ ME.txt
  artifactKey: Guid(df59e3316910cfe49800d5e3dae75a9d) Importer(2089858483,b0f066a214c2f5e87bad3c948f4d605d)
Start importing Assets/Fonts/peace-marker-font/misc/READ ME.txt using Guid(df59e3316910cfe49800d5e3dae75a9d) Importer(2089858483,b0f066a214c2f5e87bad3c948f4d605d) (ScriptedImporter) -> (artifact id: '105c61d7f0d9a9b9d42a3e914f22aae2') in 0.01255 seconds
Number of updated asset objects reloaded before import = 0Number of asset objects unloaded after import = 1

========================================================================
Received Import Request.
  Time since last request: 0.000021 seconds.
  path: Assets/AllSkyFree/_AllSkyFreeDemoEnvironment/Materials/rock.mat
  artifactKey: Guid(c5184f4cf2e2e8d4094e6bce0699e5f5) Importer(2089858483,b0f066a214c2f5e87bad3c948f4d605d)
Start importing Assets/AllSkyFree/_AllSkyFreeDemoEnvironment/Materials/rock.mat using Guid(c5184f4cf2e2e8d4094e6bce0699e5f5) Importer(2089858483,b0f066a214c2f5e87bad3c948f4d605d) (ScriptedImporter) -> (artifact id: 'bc54066c65c0411b4e591d2825846456') in 0.0099705 seconds
Number of updated asset objects reloaded before import = 0Number of asset objects unloaded after import = 1

========================================================================
Received Import Request.
  Time since last request: 0.000018 seconds.
  path: Assets/Sketchfab For Unity/Dependencies/Libraries/Newtonsoft.Json.dll
  artifactKey: Guid(c6547789f79ca8e42b6307cf64f7756d) Importer(2089858483,b0f066a214c2f5e87bad3c948f4d605d)
Start importing Assets/Sketchfab For Unity/Dependencies/Libraries/Newtonsoft.Json.dll using Guid(c6547789f79ca8e42b6307cf64f7756d) Importer(2089858483,b0f066a214c2f5e87bad3c948f4d605d) (ScriptedImporter) -> (artifact id: 'd1790569b2caab48c3113d261417b355') in 0.0123854 seconds
Number of updated asset objects reloaded before import = 0Number of asset objects unloaded after import = 0

========================================================================
Received Import Request.
  Time since last request: 0.000026 seconds.
  path: Assets/AllSkyFree/_AllSkyFreeDemoEnvironment/Materials/Landscape.mat
  artifactKey: Guid(bea8212e462d2844db56a4684a40fc82) Importer(2089858483,b0f066a214c2f5e87bad3c948f4d605d)
Start importing Assets/AllSkyFree/_AllSkyFreeDemoEnvironment/Materials/Landscape.mat using Guid(bea8212e462d2844db56a4684a40fc82) Importer(2089858483,b0f066a214c2f5e87bad3c948f4d605d) (ScriptedImporter) -> (artifact id: 'da62eae20f334a89f7ded09ea584f983') in 0.0119712 seconds
Number of updated asset objects reloaded before import = 0Number of asset objects unloaded after import = 1

========================================================================
Received Import Request.
  Time since last request: 0.000021 seconds.
  path: Assets/Sketchfab For Unity/Dependencies/Resources/OpenSans-Regular.ttf
  artifactKey: Guid(3a7f6f0ee62dc1a419509d2442cb0542) Importer(2089858483,b0f066a214c2f5e87bad3c948f4d605d)
Start importing Assets/Sketchfab For Unity/Dependencies/Resources/OpenSans-Regular.ttf using Guid(3a7f6f0ee62dc1a419509d2442cb0542) Importer(2089858483,b0f066a214c2f5e87bad3c948f4d605d) (ScriptedImporter) -> (artifact id: 'fb539de302d9b1d26a7a41b1a52f0ac2') in 0.0138467 seconds
Number of updated asset objects reloaded before import = 0Number of asset objects unloaded after import = 3

========================================================================
Received Import Request.
  Time since last request: 0.000026 seconds.
  path: Assets/Sketchfab For Unity/Dependencies/Resources/planBiz.png
  artifactKey: Guid(00e140f9d99fbfc43a8372ebe75c04f4) Importer(2089858483,b0f066a214c2f5e87bad3c948f4d605d)
Start importing Assets/Sketchfab For Unity/Dependencies/Resources/planBiz.png using Guid(00e140f9d99fbfc43a8372ebe75c04f4) Importer(2089858483,b0f066a214c2f5e87bad3c948f4d605d) (ScriptedImporter) -> (artifact id: '17803c28ef436318a17dbc5da1af7588') in 0.0131996 seconds
Number of updated asset objects reloaded before import = 0Number of asset objects unloaded after import = 1

========================================================================
Received Import Request.
  Time since last request: 0.000018 seconds.
  path: Assets/Sketchfab For Unity/Dependencies/Resources/planPrem.png
  artifactKey: Guid(951731ca1a3f48040bd45707362b9cd3) Importer(2089858483,b0f066a214c2f5e87bad3c948f4d605d)
Start importing Assets/Sketchfab For Unity/Dependencies/Resources/planPrem.png using Guid(951731ca1a3f48040bd45707362b9cd3) Importer(2089858483,b0f066a214c2f5e87bad3c948f4d605d) (ScriptedImporter) -> (artifact id: 'a61390a5cdadb1818da7e4335c7d37cf') in 0.0146718 seconds
Number of updated asset objects reloaded before import = 0Number of asset objects unloaded after import = 1

========================================================================
Received Import Request.
  Time since last request: 0.000014 seconds.
  path: Assets/Sketchfab For Unity/Dependencies/Resources/TitilliumWeb-Light.ttf
  artifactKey: Guid(932f07f074f5cbd4fba92975462c6e4e) Importer(2089858483,b0f066a214c2f5e87bad3c948f4d605d)
Start importing Assets/Sketchfab For Unity/Dependencies/Resources/TitilliumWeb-Light.ttf using Guid(932f07f074f5cbd4fba92975462c6e4e) Importer(2089858483,b0f066a214c2f5e87bad3c948f4d605d) (ScriptedImporter) -> (artifact id: 'b04c52b37274c956444dddda1b997147') in 0.0120566 seconds
Number of updated asset objects reloaded before import = 0Number of asset objects unloaded after import = 3

========================================================================
Received Import Request.
  Time since last request: 0.000017 seconds.
  path: Assets/Prefabs/Imported/Bulldozer/materials/phong1_0.mat
  artifactKey: Guid(56a4187c1872f634892b0d01309c511a) Importer(2089858483,b0f066a214c2f5e87bad3c948f4d605d)
Start importing Assets/Prefabs/Imported/Bulldozer/materials/phong1_0.mat using Guid(56a4187c1872f634892b0d01309c511a) Importer(2089858483,b0f066a214c2f5e87bad3c948f4d605d) (ScriptedImporter) -> (artifact id: 'e9439ea7f068796c10a98369d172619d') in 0.0250702 seconds
Number of updated asset objects reloaded before import = 0Number of asset objects unloaded after import = 5

========================================================================
Received Import Request.
  Time since last request: 0.000017 seconds.
  path: Assets/Prefabs/Imported/Bulldozer/meshes/polySurface2243_blinn13_0_420_0.asset
  artifactKey: Guid(c7d6de948e45d08429f011f7c815a204) Importer(2089858483,b0f066a214c2f5e87bad3c948f4d605d)
Start importing Assets/Prefabs/Imported/Bulldozer/meshes/polySurface2243_blinn13_0_420_0.asset using Guid(c7d6de948e45d08429f011f7c815a204) Importer(2089858483,b0f066a214c2f5e87bad3c948f4d605d) (ScriptedImporter) -> (artifact id: '76bff1efbf44d9fc22bc0f26462d155a') in 0.0141437 seconds
Number of updated asset objects reloaded before import = 0Number of asset objects unloaded after import = 1

========================================================================
Received Import Request.
  Time since last request: 0.000029 seconds.
  path: Assets/Prefabs/Imported/Bulldozer/meshes/polySurface2020_blinn12_0_392_0.asset
  artifactKey: Guid(3625839d73aab4d4fa952ea8f33daa68) Importer(2089858483,b0f066a214c2f5e87bad3c948f4d605d)
Start importing Assets/Prefabs/Imported/Bulldozer/meshes/polySurface2020_blinn12_0_392_0.asset using Guid(3625839d73aab4d4fa952ea8f33daa68) Importer(2089858483,b0f066a214c2f5e87bad3c948f4d605d) (ScriptedImporter) -> (artifact id: 'c0852701bd4dd364fd4c9f713a880ebe') in 0.0105067 seconds
Number of updated asset objects reloaded before import = 0Number of asset objects unloaded after import = 1

========================================================================
Received Import Request.
  Time since last request: 0.000017 seconds.
  path: Assets/Prefabs/Imported/Bulldozer/meshes/lp_bar_polySurface313_blinn15_0_438_0.asset
  artifactKey: Guid(587863c472aa8584280be26c063875a3) Importer(2089858483,b0f066a214c2f5e87bad3c948f4d605d)
Start importing Assets/Prefabs/Imported/Bulldozer/meshes/lp_bar_polySurface313_blinn15_0_438_0.asset using Guid(587863c472aa8584280be26c063875a3) Importer(2089858483,b0f066a214c2f5e87bad3c948f4d605d) (ScriptedImporter) -> (artifact id: '9e6c3a6261e0e4b404aff422cdc0a32c') in 0.0122997 seconds
Number of updated asset objects reloaded before import = 0Number of asset objects unloaded after import = 1

========================================================================
Received Import Request.
  Time since last request: 0.000022 seconds.
  path: Assets/Prefabs/Imported/Bulldozer/meshes/polySurface2490_blinn13_0_414_0.asset
  artifactKey: Guid(0dcc680ddb29411489e6d3a78bb58553) Importer(2089858483,b0f066a214c2f5e87bad3c948f4d605d)
Start importing Assets/Prefabs/Imported/Bulldozer/meshes/polySurface2490_blinn13_0_414_0.asset using Guid(0dcc680ddb29411489e6d3a78bb58553) Importer(2089858483,b0f066a214c2f5e87bad3c948f4d605d) (ScriptedImporter) -> (artifact id: '2c5d563d7be4aba4433458c55dbe7ec2') in 0.0118424 seconds
Number of updated asset objects reloaded before import = 0Number of asset objects unloaded after import = 1

========================================================================
Received Import Request.
  Time since last request: 0.000015 seconds.
  path: Assets/Prefabs/Imported/Bulldozer/meshes/polySurface2332_blinn14_0_432_0.asset
  artifactKey: Guid(5001b25cf608275438f0134383c2a493) Importer(2089858483,b0f066a214c2f5e87bad3c948f4d605d)
Start importing Assets/Prefabs/Imported/Bulldozer/meshes/polySurface2332_blinn14_0_432_0.asset using Guid(5001b25cf608275438f0134383c2a493) Importer(2089858483,b0f066a214c2f5e87bad3c948f4d605d) (ScriptedImporter) -> (artifact id: '0f760f322d436a802d98d4d7df283038') in 0.0116262 seconds
Number of updated asset objects reloaded before import = 0Number of asset objects unloaded after import = 1

========================================================================
Received Import Request.
  Time since last request: 0.000019 seconds.
  path: Assets/Prefabs/Imported/Bulldozer/meshes/polySurface2492_blinn13_0_412_0.asset
  artifactKey: Guid(2f0593d2d7a5f6a43ba6800b11df2b60) Importer(2089858483,b0f066a214c2f5e87bad3c948f4d605d)
Start importing Assets/Prefabs/Imported/Bulldozer/meshes/polySurface2492_blinn13_0_412_0.asset using Guid(2f0593d2d7a5f6a43ba6800b11df2b60) Importer(2089858483,b0f066a214c2f5e87bad3c948f4d605d) (ScriptedImporter) -> (artifact id: '51c409e2c19b2eded9da69f9522e9acd') in 0.0100671 seconds
Number of updated asset objects reloaded before import = 0Number of asset objects unloaded after import = 1

========================================================================
Received Import Request.
  Time since last request: 0.000034 seconds.
  path: Assets/Prefabs/Imported/Bulldozer/meshes/polySurface1989_blinn12_0_388_0.asset
  artifactKey: Guid(63d99eea78c946a47b128d464083b0e8) Importer(2089858483,b0f066a214c2f5e87bad3c948f4d605d)
Start importing Assets/Prefabs/Imported/Bulldozer/meshes/polySurface1989_blinn12_0_388_0.asset using Guid(63d99eea78c946a47b128d464083b0e8) Importer(2089858483,b0f066a214c2f5e87bad3c948f4d605d) (ScriptedImporter) -> (artifact id: '51d735cd27ed4db50b0af2c06fa5796e') in 0.0109441 seconds
Number of updated asset objects reloaded before import = 0Number of asset objects unloaded after import = 1

========================================================================
Received Import Request.
  Time since last request: 0.000019 seconds.
  path: Assets/Sketchfab For Unity/Dependencies/Resources/SketchfabWhite.png
  artifactKey: Guid(25ced97380dae3741bdeec1090f5a0c1) Importer(2089858483,b0f066a214c2f5e87bad3c948f4d605d)
Start importing Assets/Sketchfab For Unity/Dependencies/Resources/SketchfabWhite.png using Guid(25ced97380dae3741bdeec1090f5a0c1) Importer(2089858483,b0f066a214c2f5e87bad3c948f4d605d) (ScriptedImporter) -> (artifact id: '24e18aab6b21d72d476069df78c3b8b8') in 0.0179818 seconds
Number of updated asset objects reloaded before import = 0Number of asset objects unloaded after import = 1

========================================================================
Received Import Request.
  Time since last request: 0.000042 seconds.
  path: Assets/Prefabs/Imported/Bulldozer/meshes/polySurface2014_blinn12_0_393_0.asset
  artifactKey: Guid(a8192526f5ba98a459c2b51c6f12cb07) Importer(2089858483,b0f066a214c2f5e87bad3c948f4d605d)
Start importing Assets/Prefabs/Imported/Bulldozer/meshes/polySurface2014_blinn12_0_393_0.asset using Guid(a8192526f5ba98a459c2b51c6f12cb07) Importer(2089858483,b0f066a214c2f5e87bad3c948f4d605d) (ScriptedImporter) -> (artifact id: '1de6e357e322ab095e728ea1394100b5') in 0.0116964 seconds
Number of updated asset objects reloaded before import = 0Number of asset objects unloaded after import = 1

========================================================================
Received Import Request.
  Time since last request: 0.000020 seconds.
  path: Assets/Prefabs/Imported/Bulldozer/meshes/polySurface4939_blinn9_0_22_0.asset
  artifactKey: Guid(21826400def297f4cbb6fa7860c52ede) Importer(2089858483,b0f066a214c2f5e87bad3c948f4d605d)
Start importing Assets/Prefabs/Imported/Bulldozer/meshes/polySurface4939_blinn9_0_22_0.asset using Guid(21826400def297f4cbb6fa7860c52ede) Importer(2089858483,b0f066a214c2f5e87bad3c948f4d605d) (ScriptedImporter) -> (artifact id: '0cce8bdd2834c57bcdd592f07ee374bf') in 0.013786 seconds
Number of updated asset objects reloaded before import = 0Number of asset objects unloaded after import = 1

========================================================================
Received Import Request.
  Time since last request: 0.000021 seconds.
  path: Assets/Prefabs/Imported/Bulldozer/meshes/polySurface4938_blinn8_0_18_0.asset
  artifactKey: Guid(b47b1f84bbb7cfc4a84f2c68d1a225c6) Importer(2089858483,b0f066a214c2f5e87bad3c948f4d605d)
Start importing Assets/Prefabs/Imported/Bulldozer/meshes/polySurface4938_blinn8_0_18_0.asset using Guid(b47b1f84bbb7cfc4a84f2c68d1a225c6) Importer(2089858483,b0f066a214c2f5e87bad3c948f4d605d) (ScriptedImporter) -> (artifact id: '77af46728e9796dafeef9bf62c5590ce') in 0.0118441 seconds
Number of updated asset objects reloaded before import = 0Number of asset objects unloaded after import = 1

========================================================================
Received Import Request.
  Time since last request: 0.000028 seconds.
  path: Assets/Prefabs/Imported/Bulldozer/meshes/polySurface5285_blinn11_0_377_0.asset
  artifactKey: Guid(9c1a108aaf42fee4697ca733ffa40b8f) Importer(2089858483,b0f066a214c2f5e87bad3c948f4d605d)
Start importing Assets/Prefabs/Imported/Bulldozer/meshes/polySurface5285_blinn11_0_377_0.asset using Guid(9c1a108aaf42fee4697ca733ffa40b8f) Importer(2089858483,b0f066a214c2f5e87bad3c948f4d605d) (ScriptedImporter) -> (artifact id: '268c624586c13535746fc88ef698e14d') in 0.0124457 seconds
Number of updated asset objects reloaded before import = 0Number of asset objects unloaded after import = 1

========================================================================
Received Import Request.
  Time since last request: 0.000021 seconds.
  path: Assets/Prefabs/Imported/Bulldozer/meshes/polySurface4741_blinn9_0_21_0.asset
  artifactKey: Guid(d80e3f76c19b0b3449ee7180eccf70a2) Importer(2089858483,b0f066a214c2f5e87bad3c948f4d605d)
Start importing Assets/Prefabs/Imported/Bulldozer/meshes/polySurface4741_blinn9_0_21_0.asset using Guid(d80e3f76c19b0b3449ee7180eccf70a2) Importer(2089858483,b0f066a214c2f5e87bad3c948f4d605d) (ScriptedImporter) -> (artifact id: '2babdceb776cd2890413ba3416e5a957') in 0.0113633 seconds
Number of updated asset objects reloaded before import = 0Number of asset objects unloaded after import = 1

========================================================================
Received Import Request.
  Time since last request: 0.000018 seconds.
  path: Assets/Prefabs/Imported/Bulldozer/meshes/polySurface2579_blinn13_0_421_0.asset
  artifactKey: Guid(9f844f55d0be7c644adbf7bd1d4c5694) Importer(2089858483,b0f066a214c2f5e87bad3c948f4d605d)
Start importing Assets/Prefabs/Imported/Bulldozer/meshes/polySurface2579_blinn13_0_421_0.asset using Guid(9f844f55d0be7c644adbf7bd1d4c5694) Importer(2089858483,b0f066a214c2f5e87bad3c948f4d605d) (ScriptedImporter) -> (artifact id: '9b9120f64fa3d1171a1c3a54431e632d') in 0.0115013 seconds
Number of updated asset objects reloaded before import = 0Number of asset objects unloaded after import = 1

========================================================================
Received Import Request.
  Time since last request: 0.000015 seconds.
  path: Assets/Prefabs/Imported/Bulldozer/meshes/polySurface4955_blinn11_0_382_0.asset
  artifactKey: Guid(6c5b7e1f788451b479732b833a703439) Importer(2089858483,b0f066a214c2f5e87bad3c948f4d605d)
Start importing Assets/Prefabs/Imported/Bulldozer/meshes/polySurface4955_blinn11_0_382_0.asset using Guid(6c5b7e1f788451b479732b833a703439) Importer(2089858483,b0f066a214c2f5e87bad3c948f4d605d) (ScriptedImporter) -> (artifact id: '0b6eb6f80f00558889a27f9b40c3a57f') in 0.0134657 seconds
Number of updated asset objects reloaded before import = 0Number of asset objects unloaded after import = 1

========================================================================
Received Import Request.
  Time since last request: 0.000020 seconds.
  path: Assets/Prefabs/Imported/Bulldozer/meshes/polySurface4953_blinn11_0_385_0.asset
  artifactKey: Guid(dcbdf56045933e24486d77eca50d67e3) Importer(2089858483,b0f066a214c2f5e87bad3c948f4d605d)
Start importing Assets/Prefabs/Imported/Bulldozer/meshes/polySurface4953_blinn11_0_385_0.asset using Guid(dcbdf56045933e24486d77eca50d67e3) Importer(2089858483,b0f066a214c2f5e87bad3c948f4d605d) (ScriptedImporter) -> (artifact id: '55e38a1ee9e741fbdcbd946aef1021dc') in 0.0117569 seconds
Number of updated asset objects reloaded before import = 0Number of asset objects unloaded after import = 1

========================================================================
Received Import Request.
  Time since last request: 0.000051 seconds.
  path: Assets/Prefabs/Imported/Bulldozer/meshes/polySurface2574_blinn13_0_418_0.asset
  artifactKey: Guid(ceac77f0070c0cc4a968316f5e907101) Importer(2089858483,b0f066a214c2f5e87bad3c948f4d605d)
Start importing Assets/Prefabs/Imported/Bulldozer/meshes/polySurface2574_blinn13_0_418_0.asset using Guid(ceac77f0070c0cc4a968316f5e907101) Importer(2089858483,b0f066a214c2f5e87bad3c948f4d605d) (ScriptedImporter) -> (artifact id: '82c66c192c6ac7d3ef23350c1cad1f86') in 0.0095419 seconds
Number of updated asset objects reloaded before import = 0Number of asset objects unloaded after import = 1

========================================================================
Received Import Request.
  Time since last request: 0.000018 seconds.
  path: Assets/Prefabs/Imported/Bulldozer/meshes/polySurface5044_blinn10_0_37_0.asset
  artifactKey: Guid(2c972f52d1c80e846a614a11e0da5009) Importer(2089858483,b0f066a214c2f5e87bad3c948f4d605d)
Start importing Assets/Prefabs/Imported/Bulldozer/meshes/polySurface5044_blinn10_0_37_0.asset using Guid(2c972f52d1c80e846a614a11e0da5009) Importer(2089858483,b0f066a214c2f5e87bad3c948f4d605d) (ScriptedImporter) -> (artifact id: '0561b8636fd74a0df41ffc6dc82ad667') in 0.0140261 seconds
Number of updated asset objects reloaded before import = 0Number of asset objects unloaded after import = 1

========================================================================
Received Import Request.
  Time since last request: 0.000018 seconds.
  path: Assets/Prefabs/Imported/Bulldozer/meshes/polySurface2576_blinn13_0_422_0.asset
  artifactKey: Guid(a80590bd95a12fc42baf6f68a7e373c9) Importer(2089858483,b0f066a214c2f5e87bad3c948f4d605d)
Start importing Assets/Prefabs/Imported/Bulldozer/meshes/polySurface2576_blinn13_0_422_0.asset using Guid(a80590bd95a12fc42baf6f68a7e373c9) Importer(2089858483,b0f066a214c2f5e87bad3c948f4d605d) (ScriptedImporter) -> (artifact id: '04ce67f7531b43b68e7a082ca7af01f0') in 0.011401 seconds
Number of updated asset objects reloaded before import = 0Number of asset objects unloaded after import = 1

========================================================================
Received Import Request.
  Time since last request: 0.000014 seconds.
  path: Assets/Prefabs/Imported/Bulldozer/meshes/polySurface2838_blinn13_0_406_0.asset
  artifactKey: Guid(215268826ebd7754e8cb7c87b1decea1) Importer(2089858483,b0f066a214c2f5e87bad3c948f4d605d)
Start importing Assets/Prefabs/Imported/Bulldozer/meshes/polySurface2838_blinn13_0_406_0.asset using Guid(215268826ebd7754e8cb7c87b1decea1) Importer(2089858483,b0f066a214c2f5e87bad3c948f4d605d) (ScriptedImporter) -> (artifact id: '296ddc03dbaf2bf49d42f7aa732de6dc') in 0.0116069 seconds
Number of updated asset objects reloaded before import = 0Number of asset objects unloaded after import = 1

========================================================================
Received Import Request.
  Time since last request: 0.000017 seconds.
  path: Assets/Prefabs/Imported/Bulldozer/meshes/polySurface6488_blinn11_0_62_0.asset
  artifactKey: Guid(1a57b324c36a100408dfbdaba89bca32) Importer(2089858483,b0f066a214c2f5e87bad3c948f4d605d)
Start importing Assets/Prefabs/Imported/Bulldozer/meshes/polySurface6488_blinn11_0_62_0.asset using Guid(1a57b324c36a100408dfbdaba89bca32) Importer(2089858483,b0f066a214c2f5e87bad3c948f4d605d) (ScriptedImporter) -> (artifact id: '641e79718ea4a51b97c40b0adb5bc24d') in 0.0115885 seconds
Number of updated asset objects reloaded before import = 0Number of asset objects unloaded after import = 1

========================================================================
Received Import Request.
  Time since last request: 0.000022 seconds.
  path: Assets/Prefabs/Imported/Bulldozer/meshes/polySurface6503_blinn11_0_77_0.asset
  artifactKey: Guid(ad65a85f0d9e9cf40acf1445dd5fae0c) Importer(2089858483,b0f066a214c2f5e87bad3c948f4d605d)
Start importing Assets/Prefabs/Imported/Bulldozer/meshes/polySurface6503_blinn11_0_77_0.asset using Guid(ad65a85f0d9e9cf40acf1445dd5fae0c) Importer(2089858483,b0f066a214c2f5e87bad3c948f4d605d) (ScriptedImporter) -> (artifact id: '2545c784928012282399dbe31974d719') in 0.0111884 seconds
Number of updated asset objects reloaded before import = 0Number of asset objects unloaded after import = 1

========================================================================
Received Import Request.
  Time since last request: 0.000027 seconds.
  path: Assets/Prefabs/Imported/Bulldozer/meshes/polySurface6496_blinn11_0_70_0.asset
  artifactKey: Guid(3bfc18187d0b2cf45bdfe22c57634e6f) Importer(2089858483,b0f066a214c2f5e87bad3c948f4d605d)
Start importing Assets/Prefabs/Imported/Bulldozer/meshes/polySurface6496_blinn11_0_70_0.asset using Guid(3bfc18187d0b2cf45bdfe22c57634e6f) Importer(2089858483,b0f066a214c2f5e87bad3c948f4d605d) (ScriptedImporter) -> (artifact id: '195048c3f970437e2c040484d640cbe3') in 0.0092122 seconds
Number of updated asset objects reloaded before import = 0Number of asset objects unloaded after import = 1

========================================================================
Received Import Request.
  Time since last request: 0.000036 seconds.
  path: Assets/Prefabs/Imported/Bulldozer/meshes/polySurface6466_blinn11_0_40_0.asset
  artifactKey: Guid(d9a4c59a280fbdd4eb93ac3108f4ac49) Importer(2089858483,b0f066a214c2f5e87bad3c948f4d605d)
Start importing Assets/Prefabs/Imported/Bulldozer/meshes/polySurface6466_blinn11_0_40_0.asset using Guid(d9a4c59a280fbdd4eb93ac3108f4ac49) Importer(2089858483,b0f066a214c2f5e87bad3c948f4d605d) (ScriptedImporter) -> (artifact id: 'c4c658a1a4976ae60bb83745ebbf7fb1') in 0.0105754 seconds
Number of updated asset objects reloaded before import = 0Number of asset objects unloaded after import = 1

========================================================================
Received Import Request.
  Time since last request: 0.000020 seconds.
  path: Assets/Prefabs/Imported/Bulldozer/meshes/polySurface6468_blinn11_0_42_0.asset
  artifactKey: Guid(cf8926eb393c90e4d8fe864ac69560a6) Importer(2089858483,b0f066a214c2f5e87bad3c948f4d605d)
Start importing Assets/Prefabs/Imported/Bulldozer/meshes/polySurface6468_blinn11_0_42_0.asset using Guid(cf8926eb393c90e4d8fe864ac69560a6) Importer(2089858483,b0f066a214c2f5e87bad3c948f4d605d) (ScriptedImporter) -> (artifact id: 'd7e76636e0709fd6835945a20b081f6f') in 0.0107672 seconds
Number of updated asset objects reloaded before import = 0Number of asset objects unloaded after import = 1

========================================================================
Received Import Request.
  Time since last request: 0.000020 seconds.
  path: Assets/Prefabs/Imported/Bulldozer/meshes/polySurface568_phong1_0_0_0.asset
  artifactKey: Guid(2896505e0d6797945a23d58609494852) Importer(2089858483,b0f066a214c2f5e87bad3c948f4d605d)
Start importing Assets/Prefabs/Imported/Bulldozer/meshes/polySurface568_phong1_0_0_0.asset using Guid(2896505e0d6797945a23d58609494852) Importer(2089858483,b0f066a214c2f5e87bad3c948f4d605d) (ScriptedImporter) -> (artifact id: 'b0f604f3e9776de9b58026ac2fe3ed29') in 0.0110009 seconds
Number of updated asset objects reloaded before import = 0Number of asset objects unloaded after import = 1

========================================================================
Received Import Request.
  Time since last request: 0.000021 seconds.
  path: Assets/Prefabs/Imported/Bulldozer/meshes/polySurface6495_blinn11_0_69_0.asset
  artifactKey: Guid(d7c9258b7b9d30b4c88e08e03f288c74) Importer(2089858483,b0f066a214c2f5e87bad3c948f4d605d)
Start importing Assets/Prefabs/Imported/Bulldozer/meshes/polySurface6495_blinn11_0_69_0.asset using Guid(d7c9258b7b9d30b4c88e08e03f288c74) Importer(2089858483,b0f066a214c2f5e87bad3c948f4d605d) (ScriptedImporter) -> (artifact id: 'cf6e9fb3a0108e20f4c918a853a62870') in 0.0113612 seconds
Number of updated asset objects reloaded before import = 0Number of asset objects unloaded after import = 1

========================================================================
Received Import Request.
  Time since last request: 0.000031 seconds.
  path: Assets/Prefabs/Imported/Bulldozer/meshes/polySurface6500_blinn11_0_74_0.asset
  artifactKey: Guid(8ad1a4b9f9666524799005b425767aa7) Importer(2089858483,b0f066a214c2f5e87bad3c948f4d605d)
Start importing Assets/Prefabs/Imported/Bulldozer/meshes/polySurface6500_blinn11_0_74_0.asset using Guid(8ad1a4b9f9666524799005b425767aa7) Importer(2089858483,b0f066a214c2f5e87bad3c948f4d605d) (ScriptedImporter) -> (artifact id: '31a77ecc30dd25788fbed32266d94fec') in 0.0098071 seconds
Number of updated asset objects reloaded before import = 0Number of asset objects unloaded after import = 1

========================================================================
Received Import Request.
  Time since last request: 0.000015 seconds.
  path: Assets/Prefabs/Imported/Bulldozer/meshes/polySurface6499_blinn11_0_73_0.asset
  artifactKey: Guid(170f2e6a736438641a8fdf84c43b529d) Importer(2089858483,b0f066a214c2f5e87bad3c948f4d605d)
Start importing Assets/Prefabs/Imported/Bulldozer/meshes/polySurface6499_blinn11_0_73_0.asset using Guid(170f2e6a736438641a8fdf84c43b529d) Importer(2089858483,b0f066a214c2f5e87bad3c948f4d605d) (ScriptedImporter) -> (artifact id: '5e93459451429374a64bb3db79728726') in 0.0120028 seconds
Number of updated asset objects reloaded before import = 0Number of asset objects unloaded after import = 1

========================================================================
Received Import Request.
  Time since last request: 0.000018 seconds.
  path: Assets/Prefabs/Imported/Bulldozer/meshes/polySurface6517_blinn11_0_91_0.asset
  artifactKey: Guid(b243ade19600e3a4089c0c6a00b1bb09) Importer(2089858483,b0f066a214c2f5e87bad3c948f4d605d)
Start importing Assets/Prefabs/Imported/Bulldozer/meshes/polySurface6517_blinn11_0_91_0.asset using Guid(b243ade19600e3a4089c0c6a00b1bb09) Importer(2089858483,b0f066a214c2f5e87bad3c948f4d605d) (ScriptedImporter) -> (artifact id: '68d43d44c0f80ed7b74823afb9e0e62e') in 0.0108061 seconds
Number of updated asset objects reloaded before import = 0Number of asset objects unloaded after import = 1

========================================================================
Received Import Request.
  Time since last request: 0.000020 seconds.
  path: Assets/Prefabs/Imported/Bulldozer/meshes/polySurface6541_blinn11_0_115_0.asset
  artifactKey: Guid(346f22eca5c74ed4098452ce1dbe135d) Importer(2089858483,b0f066a214c2f5e87bad3c948f4d605d)
Start importing Assets/Prefabs/Imported/Bulldozer/meshes/polySurface6541_blinn11_0_115_0.asset using Guid(346f22eca5c74ed4098452ce1dbe135d) Importer(2089858483,b0f066a214c2f5e87bad3c948f4d605d) (ScriptedImporter) -> (artifact id: '851d9b40025e128230e1dc5a6da5f5bb') in 0.01019 seconds
Number of updated asset objects reloaded before import = 0Number of asset objects unloaded after import = 1

========================================================================
Received Import Request.
  Time since last request: 0.000020 seconds.
  path: Assets/Prefabs/Imported/Bulldozer/meshes/polySurface6521_blinn11_0_95_0.asset
  artifactKey: Guid(a61ba1e9ef6de194e91db961150ff83c) Importer(2089858483,b0f066a214c2f5e87bad3c948f4d605d)
Start importing Assets/Prefabs/Imported/Bulldozer/meshes/polySurface6521_blinn11_0_95_0.asset using Guid(a61ba1e9ef6de194e91db961150ff83c) Importer(2089858483,b0f066a214c2f5e87bad3c948f4d605d) (ScriptedImporter) -> (artifact id: 'c23aa816d7c1c96ab9433ab5689263fe') in 0.0108129 seconds
Number of updated asset objects reloaded before import = 0Number of asset objects unloaded after import = 1

========================================================================
Received Import Request.
  Time since last request: 0.000031 seconds.
  path: Assets/Prefabs/Imported/Bulldozer/meshes/polySurface6535_blinn11_0_109_0.asset
  artifactKey: Guid(3257d7c71e16c5c499e82b6a60c162a3) Importer(2089858483,b0f066a214c2f5e87bad3c948f4d605d)
Start importing Assets/Prefabs/Imported/Bulldozer/meshes/polySurface6535_blinn11_0_109_0.asset using Guid(3257d7c71e16c5c499e82b6a60c162a3) Importer(2089858483,b0f066a214c2f5e87bad3c948f4d605d) (ScriptedImporter) -> (artifact id: '93393bfeda5016130544a1f45b3ea44d') in 0.0100034 seconds
Number of updated asset objects reloaded before import = 0Number of asset objects unloaded after import = 1

========================================================================
Received Import Request.
  Time since last request: 0.000017 seconds.
  path: Assets/Prefabs/Imported/Bulldozer/meshes/polySurface6543_blinn11_0_117_0.asset
  artifactKey: Guid(02af2a7e234454c4b811fc8dc50f5915) Importer(2089858483,b0f066a214c2f5e87bad3c948f4d605d)
Start importing Assets/Prefabs/Imported/Bulldozer/meshes/polySurface6543_blinn11_0_117_0.asset using Guid(02af2a7e234454c4b811fc8dc50f5915) Importer(2089858483,b0f066a214c2f5e87bad3c948f4d605d) (ScriptedImporter) -> (artifact id: '0e4200fcae67513fbafaac68fa23a3f5') in 0.0102736 seconds
Number of updated asset objects reloaded before import = 0Number of asset objects unloaded after import = 1

========================================================================
Received Import Request.
  Time since last request: 0.000017 seconds.
  path: Assets/Prefabs/Imported/Bulldozer/meshes/polySurface6539_blinn11_0_113_0.asset
  artifactKey: Guid(b85dceb73663c464c954514d1b9d5e94) Importer(2089858483,b0f066a214c2f5e87bad3c948f4d605d)
Start importing Assets/Prefabs/Imported/Bulldozer/meshes/polySurface6539_blinn11_0_113_0.asset using Guid(b85dceb73663c464c954514d1b9d5e94) Importer(2089858483,b0f066a214c2f5e87bad3c948f4d605d) (ScriptedImporter) -> (artifact id: 'a7fd5ecb21fea2dfff5b04503fb60429') in 0.0342527 seconds
Number of updated asset objects reloaded before import = 0Number of asset objects unloaded after import = 1

========================================================================
Received Import Request.
  Time since last request: 0.000016 seconds.
  path: Assets/Prefabs/Imported/Bulldozer/meshes/polySurface6526_blinn11_0_100_0.asset
  artifactKey: Guid(79f9d8de457af5d41838ced9ae8a444a) Importer(2089858483,b0f066a214c2f5e87bad3c948f4d605d)
Start importing Assets/Prefabs/Imported/Bulldozer/meshes/polySurface6526_blinn11_0_100_0.asset using Guid(79f9d8de457af5d41838ced9ae8a444a) Importer(2089858483,b0f066a214c2f5e87bad3c948f4d605d) (ScriptedImporter) -> (artifact id: '3690219b143da7e37713dd3709dfe949') in 0.0107681 seconds
Number of updated asset objects reloaded before import = 0Number of asset objects unloaded after import = 1

========================================================================
Received Import Request.
  Time since last request: 0.000021 seconds.
  path: Assets/Prefabs/Imported/Bulldozer/meshes/polySurface6530_blinn11_0_104_0.asset
  artifactKey: Guid(1d7d2e6f9693173449ee7f686d78114e) Importer(2089858483,b0f066a214c2f5e87bad3c948f4d605d)
Start importing Assets/Prefabs/Imported/Bulldozer/meshes/polySurface6530_blinn11_0_104_0.asset using Guid(1d7d2e6f9693173449ee7f686d78114e) Importer(2089858483,b0f066a214c2f5e87bad3c948f4d605d) (ScriptedImporter) -> (artifact id: '2d5e9d9cfd9732a24db25103b0ddbe00') in 0.0135552 seconds
Number of updated asset objects reloaded before import = 0Number of asset objects unloaded after import = 1

========================================================================
Received Import Request.
  Time since last request: 0.000024 seconds.
  path: Assets/Prefabs/Imported/Bulldozer/meshes/polySurface6473_blinn11_0_47_0.asset
  artifactKey: Guid(518c42d83cdd98c4eba08e9b8137d2c8) Importer(2089858483,b0f066a214c2f5e87bad3c948f4d605d)
Start importing Assets/Prefabs/Imported/Bulldozer/meshes/polySurface6473_blinn11_0_47_0.asset using Guid(518c42d83cdd98c4eba08e9b8137d2c8) Importer(2089858483,b0f066a214c2f5e87bad3c948f4d605d) (ScriptedImporter) -> (artifact id: '42bb69c44f1b727114abbd53a190a772') in 0.0104331 seconds
Number of updated asset objects reloaded before import = 0Number of asset objects unloaded after import = 1

========================================================================
Received Import Request.
  Time since last request: 0.000013 seconds.
  path: Assets/Prefabs/Block.prefab
  artifactKey: Guid(a93d136f6fa617942b59ee43ed65ef76) Importer(2089858483,b0f066a214c2f5e87bad3c948f4d605d)
Start importing Assets/Prefabs/Block.prefab using Guid(a93d136f6fa617942b59ee43ed65ef76) Importer(2089858483,b0f066a214c2f5e87bad3c948f4d605d) (ScriptedImporter) -> (artifact id: '18bdafd154a577d8504805ad207fc0d8') in 0.0260325 seconds
Number of updated asset objects reloaded before import = 0Number of asset objects unloaded after import = 12

========================================================================
Received Import Request.
  Time since last request: 0.000017 seconds.
  path: Assets/Prefabs/Imported/Bulldozer/meshes/polySurface6586_blinn11_0_160_0.asset
  artifactKey: Guid(731ddaf7524296944aed80edf8bdff63) Importer(2089858483,b0f066a214c2f5e87bad3c948f4d605d)
Start importing Assets/Prefabs/Imported/Bulldozer/meshes/polySurface6586_blinn11_0_160_0.asset using Guid(731ddaf7524296944aed80edf8bdff63) Importer(2089858483,b0f066a214c2f5e87bad3c948f4d605d) (ScriptedImporter) -> (artifact id: 'f97391688f3b74a0b6d3798402d615d8') in 0.0102098 seconds
Number of updated asset objects reloaded before import = 0Number of asset objects unloaded after import = 1

========================================================================
Received Import Request.
  Time since last request: 0.000018 seconds.
  path: Assets/Settings/Mobile_Renderer.asset
  artifactKey: Guid(65bc7dbf4170f435aa868c779acfb082) Importer(2089858483,b0f066a214c2f5e87bad3c948f4d605d)
Start importing Assets/Settings/Mobile_Renderer.asset using Guid(65bc7dbf4170f435aa868c779acfb082) Importer(2089858483,b0f066a214c2f5e87bad3c948f4d605d) (ScriptedImporter) -> (artifact id: '58be298f1ef36884321dd26a1b538107') in 0.0319356 seconds
Number of updated asset objects reloaded before import = 0Number of asset objects unloaded after import = 1

========================================================================
Received Import Request.
  Time since last request: 0.000025 seconds.
  path: Assets/Prefabs/Imported/Bulldozer/meshes/polySurface6593_blinn11_0_167_0.asset
  artifactKey: Guid(2cbe1d251ab90064694cdbf44388fba9) Importer(2089858483,b0f066a214c2f5e87bad3c948f4d605d)
Start importing Assets/Prefabs/Imported/Bulldozer/meshes/polySurface6593_blinn11_0_167_0.asset using Guid(2cbe1d251ab90064694cdbf44388fba9) Importer(2089858483,b0f066a214c2f5e87bad3c948f4d605d) (ScriptedImporter) -> (artifact id: '9b930e39cf6667eb843a57ecfe399f7c') in 0.0117037 seconds
Number of updated asset objects reloaded before import = 0Number of asset objects unloaded after import = 1

========================================================================
Received Import Request.
  Time since last request: 0.000024 seconds.
  path: Assets/Prefabs/Imported/Bulldozer/meshes/polySurface6560_blinn11_0_134_0.asset
  artifactKey: Guid(beb7b226594d22948aba674e2c3a16d7) Importer(2089858483,b0f066a214c2f5e87bad3c948f4d605d)
Start importing Assets/Prefabs/Imported/Bulldozer/meshes/polySurface6560_blinn11_0_134_0.asset using Guid(beb7b226594d22948aba674e2c3a16d7) Importer(2089858483,b0f066a214c2f5e87bad3c948f4d605d) (ScriptedImporter) -> (artifact id: 'a9d8d26028f1dcfc7730e6d7a2421e0b') in 0.010874 seconds
Number of updated asset objects reloaded before import = 0Number of asset objects unloaded after import = 1

========================================================================
Received Import Request.
  Time since last request: 0.000017 seconds.
  path: Assets/Prefabs/Imported/Bulldozer/meshes/polySurface6587_blinn11_0_161_0.asset
  artifactKey: Guid(73fb2eed46bc89b40996b420bfdd9a06) Importer(2089858483,b0f066a214c2f5e87bad3c948f4d605d)
Start importing Assets/Prefabs/Imported/Bulldozer/meshes/polySurface6587_blinn11_0_161_0.asset using Guid(73fb2eed46bc89b40996b420bfdd9a06) Importer(2089858483,b0f066a214c2f5e87bad3c948f4d605d) (ScriptedImporter) -> (artifact id: '04347a0bb12487b39109a8ac76dd4bef') in 0.0090909 seconds
Number of updated asset objects reloaded before import = 0Number of asset objects unloaded after import = 1

========================================================================
Received Import Request.
  Time since last request: 0.000014 seconds.
  path: Assets/Prefabs/Imported/Bulldozer/meshes/polySurface6589_blinn11_0_163_0.asset
  artifactKey: Guid(c8815c3230237b1428b3c6ea48fad820) Importer(2089858483,b0f066a214c2f5e87bad3c948f4d605d)
Start importing Assets/Prefabs/Imported/Bulldozer/meshes/polySurface6589_blinn11_0_163_0.asset using Guid(c8815c3230237b1428b3c6ea48fad820) Importer(2089858483,b0f066a214c2f5e87bad3c948f4d605d) (ScriptedImporter) -> (artifact id: '55bdb793bf87d615410f6307c0031c5e') in 0.0099694 seconds
Number of updated asset objects reloaded before import = 0Number of asset objects unloaded after import = 1

========================================================================
Received Import Request.
  Time since last request: 0.000017 seconds.
  path: Assets/Prefabs/Imported/Bulldozer/meshes/polySurface6563_blinn11_0_137_0.asset
  artifactKey: Guid(f4d77783432b67e4c8aab9ac9ede6447) Importer(2089858483,b0f066a214c2f5e87bad3c948f4d605d)
Start importing Assets/Prefabs/Imported/Bulldozer/meshes/polySurface6563_blinn11_0_137_0.asset using Guid(f4d77783432b67e4c8aab9ac9ede6447) Importer(2089858483,b0f066a214c2f5e87bad3c948f4d605d) (ScriptedImporter) -> (artifact id: '337032a497eb6925a7c9f907d30f52d1') in 0.0115493 seconds
Number of updated asset objects reloaded before import = 0Number of asset objects unloaded after import = 1

========================================================================
Received Import Request.
  Time since last request: 0.000020 seconds.
  path: Assets/Prefabs/Imported/Bulldozer/meshes/polySurface6557_blinn11_0_131_0.asset
  artifactKey: Guid(f7794f8a992505c498d4122e868d63fb) Importer(2089858483,b0f066a214c2f5e87bad3c948f4d605d)
Start importing Assets/Prefabs/Imported/Bulldozer/meshes/polySurface6557_blinn11_0_131_0.asset using Guid(f7794f8a992505c498d4122e868d63fb) Importer(2089858483,b0f066a214c2f5e87bad3c948f4d605d) (ScriptedImporter) -> (artifact id: 'd7ae2f49149500bea3c5c31ec0b9fb95') in 0.0115801 seconds
Number of updated asset objects reloaded before import = 0Number of asset objects unloaded after import = 1

========================================================================
Received Import Request.
  Time since last request: 0.000042 seconds.
  path: Assets/Prefabs/Imported/Bulldozer/meshes/polySurface6607_blinn11_0_181_0.asset
  artifactKey: Guid(7b62e832c2135984ba0a69530d8a4e8f) Importer(2089858483,b0f066a214c2f5e87bad3c948f4d605d)
Start importing Assets/Prefabs/Imported/Bulldozer/meshes/polySurface6607_blinn11_0_181_0.asset using Guid(7b62e832c2135984ba0a69530d8a4e8f) Importer(2089858483,b0f066a214c2f5e87bad3c948f4d605d) (ScriptedImporter) -> (artifact id: 'c930e045334990bf7f8ecafb6eff83f6') in 0.0135442 seconds
Number of updated asset objects reloaded before import = 0Number of asset objects unloaded after import = 1

========================================================================
Received Import Request.
  Time since last request: 0.000023 seconds.
  path: Assets/Prefabs/Imported/Bulldozer/meshes/polySurface6632_blinn11_0_206_0.asset
  artifactKey: Guid(e26b1782d715b004992c961adc25627e) Importer(2089858483,b0f066a214c2f5e87bad3c948f4d605d)
Start importing Assets/Prefabs/Imported/Bulldozer/meshes/polySurface6632_blinn11_0_206_0.asset using Guid(e26b1782d715b004992c961adc25627e) Importer(2089858483,b0f066a214c2f5e87bad3c948f4d605d) (ScriptedImporter) -> (artifact id: 'f62231f3ea967e90c757db726ddfb862') in 0.0115561 seconds
Number of updated asset objects reloaded before import = 0Number of asset objects unloaded after import = 1

========================================================================
Received Import Request.
  Time since last request: 0.000018 seconds.
  path: Assets/Prefabs/Imported/Bulldozer/meshes/polySurface6619_blinn11_0_193_0.asset
  artifactKey: Guid(27ab76bf79a20b042a8db7905550781f) Importer(2089858483,b0f066a214c2f5e87bad3c948f4d605d)
Start importing Assets/Prefabs/Imported/Bulldozer/meshes/polySurface6619_blinn11_0_193_0.asset using Guid(27ab76bf79a20b042a8db7905550781f) Importer(2089858483,b0f066a214c2f5e87bad3c948f4d605d) (ScriptedImporter) -> (artifact id: 'd387d426c4a3c63b4fe5d02f47c13df5') in 0.0115976 seconds
Number of updated asset objects reloaded before import = 0Number of asset objects unloaded after import = 1

========================================================================
Received Import Request.
  Time since last request: 0.000015 seconds.
  path: Assets/Prefabs/Imported/Bulldozer/meshes/polySurface6623_blinn11_0_197_0.asset
  artifactKey: Guid(dfd7130e26301bd47b2db947a7928921) Importer(2089858483,b0f066a214c2f5e87bad3c948f4d605d)
Start importing Assets/Prefabs/Imported/Bulldozer/meshes/polySurface6623_blinn11_0_197_0.asset using Guid(dfd7130e26301bd47b2db947a7928921) Importer(2089858483,b0f066a214c2f5e87bad3c948f4d605d) (ScriptedImporter) -> (artifact id: '86530c921bad425e9e9a5abf88e0f6c3') in 0.0115999 seconds
Number of updated asset objects reloaded before import = 0Number of asset objects unloaded after import = 1

========================================================================
Received Import Request.
  Time since last request: 0.000018 seconds.
  path: Assets/Prefabs/Imported/Bulldozer/meshes/polySurface6598_blinn11_0_172_0.asset
  artifactKey: Guid(a6893bcdb6013434a95c97ec09fafb55) Importer(2089858483,b0f066a214c2f5e87bad3c948f4d605d)
Start importing Assets/Prefabs/Imported/Bulldozer/meshes/polySurface6598_blinn11_0_172_0.asset using Guid(a6893bcdb6013434a95c97ec09fafb55) Importer(2089858483,b0f066a214c2f5e87bad3c948f4d605d) (ScriptedImporter) -> (artifact id: '41cea2a93fbf993e05ff975bf61be378') in 0.0108027 seconds
Number of updated asset objects reloaded before import = 0Number of asset objects unloaded after import = 1

========================================================================
Received Import Request.
  Time since last request: 0.000031 seconds.
  path: Assets/Prefabs/Imported/Bulldozer/meshes/polySurface6620_blinn11_0_194_0.asset
  artifactKey: Guid(983f365c3164350438d224e8af8801de) Importer(2089858483,b0f066a214c2f5e87bad3c948f4d605d)
Start importing Assets/Prefabs/Imported/Bulldozer/meshes/polySurface6620_blinn11_0_194_0.asset using Guid(983f365c3164350438d224e8af8801de) Importer(2089858483,b0f066a214c2f5e87bad3c948f4d605d) (ScriptedImporter) -> (artifact id: 'c2fb4abc8ee690eb739c9bed3e022e10') in 0.0116046 seconds
Number of updated asset objects reloaded before import = 0Number of asset objects unloaded after import = 1

========================================================================
Received Import Request.
  Time since last request: 0.000015 seconds.
  path: Assets/Prefabs/Imported/Bulldozer/meshes/polySurface6617_blinn11_0_191_0.asset
  artifactKey: Guid(818b7176a3e55ff4c94fe875563bf324) Importer(2089858483,b0f066a214c2f5e87bad3c948f4d605d)
Start importing Assets/Prefabs/Imported/Bulldozer/meshes/polySurface6617_blinn11_0_191_0.asset using Guid(818b7176a3e55ff4c94fe875563bf324) Importer(2089858483,b0f066a214c2f5e87bad3c948f4d605d) (ScriptedImporter) -> (artifact id: '5a8fb593e241ecf13f6ef549b23f2927') in 0.0106373 seconds
Number of updated asset objects reloaded before import = 0Number of asset objects unloaded after import = 1

========================================================================
Received Import Request.
  Time since last request: 0.000018 seconds.
  path: Assets/Prefabs/Imported/Bulldozer/meshes/polySurface6626_blinn11_0_200_0.asset
  artifactKey: Guid(254dfad9cf7de414f8fb4f56a938b8d1) Importer(2089858483,b0f066a214c2f5e87bad3c948f4d605d)
Start importing Assets/Prefabs/Imported/Bulldozer/meshes/polySurface6626_blinn11_0_200_0.asset using Guid(254dfad9cf7de414f8fb4f56a938b8d1) Importer(2089858483,b0f066a214c2f5e87bad3c948f4d605d) (ScriptedImporter) -> (artifact id: 'ffdeb75a5bc76dede5234cf44d08af4b') in 0.0124262 seconds
Number of updated asset objects reloaded before import = 0Number of asset objects unloaded after import = 1

========================================================================
Received Import Request.
  Time since last request: 0.000013 seconds.
  path: Assets/Prefabs/Imported/Bulldozer/meshes/polySurface6597_blinn11_0_171_0.asset
  artifactKey: Guid(6e03319ba46526842ae17c774e163018) Importer(2089858483,b0f066a214c2f5e87bad3c948f4d605d)
Start importing Assets/Prefabs/Imported/Bulldozer/meshes/polySurface6597_blinn11_0_171_0.asset using Guid(6e03319ba46526842ae17c774e163018) Importer(2089858483,b0f066a214c2f5e87bad3c948f4d605d) (ScriptedImporter) -> (artifact id: '359aee9c7d6fc76ac2df760aad805c3b') in 0.0110747 seconds
Number of updated asset objects reloaded before import = 0Number of asset objects unloaded after import = 1

========================================================================
Received Import Request.
  Time since last request: 0.000014 seconds.
  path: Assets/Prefabs/Imported/Bulldozer/meshes/polySurface6642_blinn11_0_216_0.asset
  artifactKey: Guid(0efd3259c99a3e0458459cca35e2dd14) Importer(2089858483,b0f066a214c2f5e87bad3c948f4d605d)
Start importing Assets/Prefabs/Imported/Bulldozer/meshes/polySurface6642_blinn11_0_216_0.asset using Guid(0efd3259c99a3e0458459cca35e2dd14) Importer(2089858483,b0f066a214c2f5e87bad3c948f4d605d) (ScriptedImporter) -> (artifact id: '61a4bb43c5b779f30c5b88c92e6d8d43') in 0.0103552 seconds
Number of updated asset objects reloaded before import = 0Number of asset objects unloaded after import = 1

========================================================================
Received Import Request.
  Time since last request: 0.000022 seconds.
  path: Assets/Prefabs/Imported/Bulldozer/meshes/polySurface6676_blinn11_0_250_0.asset
  artifactKey: Guid(4aadbe0ba4d854b4ab4e70bc96c93c72) Importer(2089858483,b0f066a214c2f5e87bad3c948f4d605d)
Start importing Assets/Prefabs/Imported/Bulldozer/meshes/polySurface6676_blinn11_0_250_0.asset using Guid(4aadbe0ba4d854b4ab4e70bc96c93c72) Importer(2089858483,b0f066a214c2f5e87bad3c948f4d605d) (ScriptedImporter) -> (artifact id: 'd6e8627162ad33a0bee87dfaccfcde19') in 0.0112218 seconds
Number of updated asset objects reloaded before import = 0Number of asset objects unloaded after import = 1

========================================================================
Received Import Request.
  Time since last request: 0.000021 seconds.
  path: Assets/Prefabs/Imported/Bulldozer/meshes/polySurface6668_blinn11_0_242_0.asset
  artifactKey: Guid(b8d0221b8262fa047b600072a91b1466) Importer(2089858483,b0f066a214c2f5e87bad3c948f4d605d)
Start importing Assets/Prefabs/Imported/Bulldozer/meshes/polySurface6668_blinn11_0_242_0.asset using Guid(b8d0221b8262fa047b600072a91b1466) Importer(2089858483,b0f066a214c2f5e87bad3c948f4d605d) (ScriptedImporter) -> (artifact id: 'ea6aeac02d6b70e089d868f0b0a0f837') in 0.0110455 seconds
Number of updated asset objects reloaded before import = 0Number of asset objects unloaded after import = 1

========================================================================
Received Import Request.
  Time since last request: 0.000015 seconds.
  path: Assets/Prefabs/Imported/Bulldozer/meshes/polySurface6659_blinn11_0_233_0.asset
  artifactKey: Guid(0230def1f0dbec6458704c967581f198) Importer(2089858483,b0f066a214c2f5e87bad3c948f4d605d)
Start importing Assets/Prefabs/Imported/Bulldozer/meshes/polySurface6659_blinn11_0_233_0.asset using Guid(0230def1f0dbec6458704c967581f198) Importer(2089858483,b0f066a214c2f5e87bad3c948f4d605d) (ScriptedImporter) -> (artifact id: 'd5f3d0b94796dc925f11c094f933b528') in 0.012102 seconds
Number of updated asset objects reloaded before import = 0Number of asset objects unloaded after import = 1

========================================================================
Received Import Request.
  Time since last request: 0.000013 seconds.
  path: Assets/Prefabs/Imported/Bulldozer/meshes/polySurface6692_blinn11_0_266_0.asset
  artifactKey: Guid(99ac4073fe0eb524da56852c14231a2e) Importer(2089858483,b0f066a214c2f5e87bad3c948f4d605d)
Start importing Assets/Prefabs/Imported/Bulldozer/meshes/polySurface6692_blinn11_0_266_0.asset using Guid(99ac4073fe0eb524da56852c14231a2e) Importer(2089858483,b0f066a214c2f5e87bad3c948f4d605d) (ScriptedImporter) -> (artifact id: 'b28724b1be8fb41f06099d1063847aa2') in 0.0096751 seconds
Number of updated asset objects reloaded before import = 0Number of asset objects unloaded after import = 1

========================================================================
Received Import Request.
  Time since last request: 0.000016 seconds.
  path: Assets/Prefabs/Imported/Bulldozer/meshes/polySurface6686_blinn11_0_260_0.asset
  artifactKey: Guid(5b6a946bcf4f58f4f96de08539d0f3e9) Importer(2089858483,b0f066a214c2f5e87bad3c948f4d605d)
Start importing Assets/Prefabs/Imported/Bulldozer/meshes/polySurface6686_blinn11_0_260_0.asset using Guid(5b6a946bcf4f58f4f96de08539d0f3e9) Importer(2089858483,b0f066a214c2f5e87bad3c948f4d605d) (ScriptedImporter) -> (artifact id: 'fbfd3066bea945b7166cfa5eba03acd8') in 0.0099029 seconds
Number of updated asset objects reloaded before import = 0Number of asset objects unloaded after import = 1

========================================================================
Received Import Request.
  Time since last request: 0.000015 seconds.
  path: Assets/Prefabs/Imported/Bulldozer/meshes/polySurface6666_blinn11_0_240_0.asset
  artifactKey: Guid(2382ffaab3402a44589e59fef35ea19f) Importer(2089858483,b0f066a214c2f5e87bad3c948f4d605d)
Start importing Assets/Prefabs/Imported/Bulldozer/meshes/polySurface6666_blinn11_0_240_0.asset using Guid(2382ffaab3402a44589e59fef35ea19f) Importer(2089858483,b0f066a214c2f5e87bad3c948f4d605d) (ScriptedImporter) -> (artifact id: '277895e37aa5e119284d415a65160a7f') in 0.0100389 seconds
Number of updated asset objects reloaded before import = 0Number of asset objects unloaded after import = 1

========================================================================
Received Import Request.
  Time since last request: 0.000018 seconds.
  path: Assets/Prefabs/Imported/Bulldozer/meshes/polySurface6662_blinn11_0_236_0.asset
  artifactKey: Guid(e3211d12b8425b4498eac28609b8d527) Importer(2089858483,b0f066a214c2f5e87bad3c948f4d605d)
Start importing Assets/Prefabs/Imported/Bulldozer/meshes/polySurface6662_blinn11_0_236_0.asset using Guid(e3211d12b8425b4498eac28609b8d527) Importer(2089858483,b0f066a214c2f5e87bad3c948f4d605d) (ScriptedImporter) -> (artifact id: 'b299a0e9c0742fa3264a74eb44d201dd') in 0.0097964 seconds
Number of updated asset objects reloaded before import = 0Number of asset objects unloaded after import = 1

========================================================================
Received Import Request.
  Time since last request: 0.000029 seconds.
  path: Assets/Prefabs/Imported/Bulldozer/meshes/polySurface6683_blinn11_0_257_0.asset
  artifactKey: Guid(a7eaf1f59058c0f46847bf108a4a5341) Importer(2089858483,b0f066a214c2f5e87bad3c948f4d605d)
Start importing Assets/Prefabs/Imported/Bulldozer/meshes/polySurface6683_blinn11_0_257_0.asset using Guid(a7eaf1f59058c0f46847bf108a4a5341) Importer(2089858483,b0f066a214c2f5e87bad3c948f4d605d) (ScriptedImporter) -> (artifact id: 'b3b8ba28956693706e733671329dfc6a') in 0.0101416 seconds
Number of updated asset objects reloaded before import = 0Number of asset objects unloaded after import = 1

========================================================================
Received Import Request.
  Time since last request: 0.000014 seconds.
  path: Assets/Prefabs/Imported/Bulldozer/meshes/polySurface6671_blinn11_0_245_0.asset
  artifactKey: Guid(7193aada9faab3a44980e7c6fcd7aae4) Importer(2089858483,b0f066a214c2f5e87bad3c948f4d605d)
Start importing Assets/Prefabs/Imported/Bulldozer/meshes/polySurface6671_blinn11_0_245_0.asset using Guid(7193aada9faab3a44980e7c6fcd7aae4) Importer(2089858483,b0f066a214c2f5e87bad3c948f4d605d) (ScriptedImporter) -> (artifact id: '134d51bb93d755c37e3fc336822c20d9') in 0.0104934 seconds
Number of updated asset objects reloaded before import = 0Number of asset objects unloaded after import = 1

========================================================================
Received Import Request.
  Time since last request: 0.000015 seconds.
  path: Assets/Prefabs/Imported/Bulldozer/meshes/polySurface6657_blinn11_0_231_0.asset
  artifactKey: Guid(7c0fd8baf8f92c149b4ccff45c9e6258) Importer(2089858483,b0f066a214c2f5e87bad3c948f4d605d)
Start importing Assets/Prefabs/Imported/Bulldozer/meshes/polySurface6657_blinn11_0_231_0.asset using Guid(7c0fd8baf8f92c149b4ccff45c9e6258) Importer(2089858483,b0f066a214c2f5e87bad3c948f4d605d) (ScriptedImporter) -> (artifact id: '96bd103f73ae6ff9a58041ff7fa9f79b') in 0.0124407 seconds
Number of updated asset objects reloaded before import = 0Number of asset objects unloaded after import = 1

========================================================================
Received Import Request.
  Time since last request: 0.000016 seconds.
  path: Assets/Prefabs/Imported/Bulldozer/meshes/polySurface6699_blinn11_0_273_0.asset
  artifactKey: Guid(5b4880921d2de4d4487d7388b22d08b4) Importer(2089858483,b0f066a214c2f5e87bad3c948f4d605d)
Start importing Assets/Prefabs/Imported/Bulldozer/meshes/polySurface6699_blinn11_0_273_0.asset using Guid(5b4880921d2de4d4487d7388b22d08b4) Importer(2089858483,b0f066a214c2f5e87bad3c948f4d605d) (ScriptedImporter) -> (artifact id: '4289343082c5376dea2b5b18e2593287') in 0.0090011 seconds
Number of updated asset objects reloaded before import = 0Number of asset objects unloaded after import = 1

========================================================================
Received Import Request.
  Time since last request: 0.000016 seconds.
  path: Assets/Prefabs/Imported/Bulldozer/meshes/polySurface6713_blinn11_0_287_0.asset
  artifactKey: Guid(fcdfe0aa950e7954489f7683cd38e4af) Importer(2089858483,b0f066a214c2f5e87bad3c948f4d605d)
Start importing Assets/Prefabs/Imported/Bulldozer/meshes/polySurface6713_blinn11_0_287_0.asset using Guid(fcdfe0aa950e7954489f7683cd38e4af) Importer(2089858483,b0f066a214c2f5e87bad3c948f4d605d) (ScriptedImporter) -> (artifact id: '031f30640c0893bcb76831a98f0434f3') in 0.0101509 seconds
Number of updated asset objects reloaded before import = 0Number of asset objects unloaded after import = 1

========================================================================
Received Import Request.
  Time since last request: 0.000029 seconds.
  path: Assets/Prefabs/Imported/Bulldozer/meshes/polySurface6714_blinn11_0_288_0.asset
  artifactKey: Guid(3184497aae631c0499815aad0b1fdbe1) Importer(2089858483,b0f066a214c2f5e87bad3c948f4d605d)
Start importing Assets/Prefabs/Imported/Bulldozer/meshes/polySurface6714_blinn11_0_288_0.asset using Guid(3184497aae631c0499815aad0b1fdbe1) Importer(2089858483,b0f066a214c2f5e87bad3c948f4d605d) (ScriptedImporter) -> (artifact id: 'e52e5ae31954bc0fdbb89d4021f25870') in 0.0114246 seconds
Number of updated asset objects reloaded before import = 0Number of asset objects unloaded after import = 1

========================================================================
Received Import Request.
  Time since last request: 0.000016 seconds.
  path: Assets/Prefabs/Imported/Bulldozer/meshes/polySurface6733_blinn11_0_307_0.asset
  artifactKey: Guid(f4f5c5c1886110d4bbc33cf179d01a6d) Importer(2089858483,b0f066a214c2f5e87bad3c948f4d605d)
Start importing Assets/Prefabs/Imported/Bulldozer/meshes/polySurface6733_blinn11_0_307_0.asset using Guid(f4f5c5c1886110d4bbc33cf179d01a6d) Importer(2089858483,b0f066a214c2f5e87bad3c948f4d605d) (ScriptedImporter) -> (artifact id: '0d3fd0313cd76ac36e3f23efcb727ff4') in 0.0109616 seconds
Number of updated asset objects reloaded before import = 0Number of asset objects unloaded after import = 1

========================================================================
Received Import Request.
  Time since last request: 0.000017 seconds.
  path: Assets/Prefabs/Imported/Bulldozer/meshes/polySurface6708_blinn11_0_282_0.asset
  artifactKey: Guid(6206017dc29bdce40a2efc3d4f4080b7) Importer(2089858483,b0f066a214c2f5e87bad3c948f4d605d)
Start importing Assets/Prefabs/Imported/Bulldozer/meshes/polySurface6708_blinn11_0_282_0.asset using Guid(6206017dc29bdce40a2efc3d4f4080b7) Importer(2089858483,b0f066a214c2f5e87bad3c948f4d605d) (ScriptedImporter) -> (artifact id: '3760662b8da835d9229e7800bcd09b07') in 0.0100912 seconds
Number of updated asset objects reloaded before import = 0Number of asset objects unloaded after import = 1

========================================================================
Received Import Request.
  Time since last request: 0.000014 seconds.
  path: Assets/Prefabs/Imported/Bulldozer/meshes/polySurface6720_blinn11_0_294_0.asset
  artifactKey: Guid(b7aac557952dad14a87c43177846ccf9) Importer(2089858483,b0f066a214c2f5e87bad3c948f4d605d)
Start importing Assets/Prefabs/Imported/Bulldozer/meshes/polySurface6720_blinn11_0_294_0.asset using Guid(b7aac557952dad14a87c43177846ccf9) Importer(2089858483,b0f066a214c2f5e87bad3c948f4d605d) (ScriptedImporter) -> (artifact id: '28614ece23d9e111385803ed1992ca9e') in 0.0125037 seconds
Number of updated asset objects reloaded before import = 0Number of asset objects unloaded after import = 1

========================================================================
Received Import Request.
  Time since last request: 0.000017 seconds.
  path: Assets/Prefabs/Imported/Bulldozer/meshes/polySurface6738_blinn11_0_312_0.asset
  artifactKey: Guid(b57a19a696d756e47b479003576e66da) Importer(2089858483,b0f066a214c2f5e87bad3c948f4d605d)
Start importing Assets/Prefabs/Imported/Bulldozer/meshes/polySurface6738_blinn11_0_312_0.asset using Guid(b57a19a696d756e47b479003576e66da) Importer(2089858483,b0f066a214c2f5e87bad3c948f4d605d) (ScriptedImporter) -> (artifact id: '800273eec19e5c75173a0c554e8c4624') in 0.0116236 seconds
Number of updated asset objects reloaded before import = 0Number of asset objects unloaded after import = 1

========================================================================
Received Import Request.
  Time since last request: 0.000031 seconds.
  path: Assets/Prefabs/Imported/Bulldozer/meshes/polySurface6696_blinn11_0_270_0.asset
  artifactKey: Guid(f01e24173b170344ebe65487eb85df43) Importer(2089858483,b0f066a214c2f5e87bad3c948f4d605d)
Start importing Assets/Prefabs/Imported/Bulldozer/meshes/polySurface6696_blinn11_0_270_0.asset using Guid(f01e24173b170344ebe65487eb85df43) Importer(2089858483,b0f066a214c2f5e87bad3c948f4d605d) (ScriptedImporter) -> (artifact id: 'dad685c8b8982ad5e7bb2dbd8f8f05bf') in 0.0127805 seconds
Number of updated asset objects reloaded before import = 0Number of asset objects unloaded after import = 1

========================================================================
Received Import Request.
  Time since last request: 0.000016 seconds.
  path: Assets/Prefabs/Imported/Bulldozer/meshes/polySurface6712_blinn11_0_286_0.asset
  artifactKey: Guid(3e3661fba76954242a0d64fd236da68f) Importer(2089858483,b0f066a214c2f5e87bad3c948f4d605d)
Start importing Assets/Prefabs/Imported/Bulldozer/meshes/polySurface6712_blinn11_0_286_0.asset using Guid(3e3661fba76954242a0d64fd236da68f) Importer(2089858483,b0f066a214c2f5e87bad3c948f4d605d) (ScriptedImporter) -> (artifact id: '89fcf31a5be8ee87ba72ec9842707923') in 0.0122828 seconds
Number of updated asset objects reloaded before import = 0Number of asset objects unloaded after import = 1

========================================================================
Received Import Request.
  Time since last request: 0.000019 seconds.
  path: Assets/Prefabs/Imported/Bulldozer/meshes/polySurface6756_blinn11_0_330_0.asset
  artifactKey: Guid(8cc371f03ce90b74c879512b9177a540) Importer(2089858483,b0f066a214c2f5e87bad3c948f4d605d)
Start importing Assets/Prefabs/Imported/Bulldozer/meshes/polySurface6756_blinn11_0_330_0.asset using Guid(8cc371f03ce90b74c879512b9177a540) Importer(2089858483,b0f066a214c2f5e87bad3c948f4d605d) (ScriptedImporter) -> (artifact id: '67beb49638c1c4a0685cef76e2494971') in 0.0117524 seconds
Number of updated asset objects reloaded before import = 0Number of asset objects unloaded after import = 1

========================================================================
Received Import Request.
  Time since last request: 0.000019 seconds.
  path: Assets/Prefabs/Imported/Bulldozer/meshes/polySurface6789_blinn11_0_363_0.asset
  artifactKey: Guid(99c029125c3209c4286e8dbd1b729fd8) Importer(2089858483,b0f066a214c2f5e87bad3c948f4d605d)
Start importing Assets/Prefabs/Imported/Bulldozer/meshes/polySurface6789_blinn11_0_363_0.asset using Guid(99c029125c3209c4286e8dbd1b729fd8) Importer(2089858483,b0f066a214c2f5e87bad3c948f4d605d) (ScriptedImporter) -> (artifact id: '9028b55551d359f2cb7f7cfe6775195f') in 0.012003 seconds
Number of updated asset objects reloaded before import = 0Number of asset objects unloaded after import = 1

========================================================================
Received Import Request.
  Time since last request: 0.000017 seconds.
  path: Assets/Prefabs/Imported/Bulldozer/meshes/polySurface6780_blinn11_0_354_0.asset
  artifactKey: Guid(190439b574ae20041ac91d0a114982ae) Importer(2089858483,b0f066a214c2f5e87bad3c948f4d605d)
Start importing Assets/Prefabs/Imported/Bulldozer/meshes/polySurface6780_blinn11_0_354_0.asset using Guid(190439b574ae20041ac91d0a114982ae) Importer(2089858483,b0f066a214c2f5e87bad3c948f4d605d) (ScriptedImporter) -> (artifact id: '9891029ba2a0be90c2fc7fbaa72fc2c9') in 0.0116334 seconds
Number of updated asset objects reloaded before import = 0Number of asset objects unloaded after import = 1

========================================================================
Received Import Request.
  Time since last request: 0.000028 seconds.
  path: Assets/Prefabs/Imported/Bulldozer/meshes/polySurface6759_blinn11_0_333_0.asset
  artifactKey: Guid(becc4d73ec96fad4da471e3d8dca87f2) Importer(2089858483,b0f066a214c2f5e87bad3c948f4d605d)
Start importing Assets/Prefabs/Imported/Bulldozer/meshes/polySurface6759_blinn11_0_333_0.asset using Guid(becc4d73ec96fad4da471e3d8dca87f2) Importer(2089858483,b0f066a214c2f5e87bad3c948f4d605d) (ScriptedImporter) -> (artifact id: 'd4f6830b41936152c98cda02e4ed8bff') in 0.011296 seconds
Number of updated asset objects reloaded before import = 0Number of asset objects unloaded after import = 1

========================================================================
Received Import Request.
  Time since last request: 0.000017 seconds.
  path: Assets/Prefabs/Imported/Bulldozer/meshes/polySurface6764_blinn11_0_338_0.asset
  artifactKey: Guid(1a32bc254c3582e4b9ed8b6028e5148a) Importer(2089858483,b0f066a214c2f5e87bad3c948f4d605d)
Start importing Assets/Prefabs/Imported/Bulldozer/meshes/polySurface6764_blinn11_0_338_0.asset using Guid(1a32bc254c3582e4b9ed8b6028e5148a) Importer(2089858483,b0f066a214c2f5e87bad3c948f4d605d) (ScriptedImporter) -> (artifact id: '576fc75d9439f0728fc603f9c7869f2a') in 0.0178384 seconds
Number of updated asset objects reloaded before import = 0Number of asset objects unloaded after import = 1

========================================================================
Received Import Request.
  Time since last request: 0.000018 seconds.
  path: Assets/Prefabs/Imported/Bulldozer/meshes/polySurface6747_blinn11_0_321_0.asset
  artifactKey: Guid(0f5d87dc2026a8d47986b578a0456de0) Importer(2089858483,b0f066a214c2f5e87bad3c948f4d605d)
Start importing Assets/Prefabs/Imported/Bulldozer/meshes/polySurface6747_blinn11_0_321_0.asset using Guid(0f5d87dc2026a8d47986b578a0456de0) Importer(2089858483,b0f066a214c2f5e87bad3c948f4d605d) (ScriptedImporter) -> (artifact id: '6b012777084c97349044ab3782c112f0') in 0.0115401 seconds
Number of updated asset objects reloaded before import = 0Number of asset objects unloaded after import = 1

========================================================================
Received Import Request.
  Time since last request: 0.000022 seconds.
  path: Assets/Prefabs/Imported/Bulldozer/meshes/polySurface6755_blinn11_0_329_0.asset
  artifactKey: Guid(6ef1c7ab74c32364eb37e244df4d77bb) Importer(2089858483,b0f066a214c2f5e87bad3c948f4d605d)
Start importing Assets/Prefabs/Imported/Bulldozer/meshes/polySurface6755_blinn11_0_329_0.asset using Guid(6ef1c7ab74c32364eb37e244df4d77bb) Importer(2089858483,b0f066a214c2f5e87bad3c948f4d605d) (ScriptedImporter) -> (artifact id: 'b7911fc0f9007f7f01763aed0ed2f00a') in 0.01386 seconds
Number of updated asset objects reloaded before import = 0Number of asset objects unloaded after import = 1

========================================================================
Received Import Request.
  Time since last request: 0.000022 seconds.
  path: Assets/Prefabs/Imported/Bulldozer/meshes/polySurface6762_blinn11_0_336_0.asset
  artifactKey: Guid(d0293ebe511efd9449ec408eae67b871) Importer(2089858483,b0f066a214c2f5e87bad3c948f4d605d)
Start importing Assets/Prefabs/Imported/Bulldozer/meshes/polySurface6762_blinn11_0_336_0.asset using Guid(d0293ebe511efd9449ec408eae67b871) Importer(2089858483,b0f066a214c2f5e87bad3c948f4d605d) (ScriptedImporter) -> (artifact id: '231e41fa4708f6d5e8046248d538c8fb') in 0.0110256 seconds
Number of updated asset objects reloaded before import = 0Number of asset objects unloaded after import = 1

========================================================================
Received Import Request.
  Time since last request: 0.000029 seconds.
  path: Assets/Prefabs/Imported/Bulldozer/meshes/polySurface6754_blinn11_0_328_0.asset
  artifactKey: Guid(ce4f4c90c8db11947903004a9b4c5ed5) Importer(2089858483,b0f066a214c2f5e87bad3c948f4d605d)
Start importing Assets/Prefabs/Imported/Bulldozer/meshes/polySurface6754_blinn11_0_328_0.asset using Guid(ce4f4c90c8db11947903004a9b4c5ed5) Importer(2089858483,b0f066a214c2f5e87bad3c948f4d605d) (ScriptedImporter) -> (artifact id: '9c407541eddd3ba11cb42e20c89fd6ee') in 0.0103899 seconds
Number of updated asset objects reloaded before import = 0Number of asset objects unloaded after import = 1

========================================================================
Received Import Request.
  Time since last request: 0.000017 seconds.
  path: Assets/Prefabs/Imported/Bulldozer/textures/blinn11_metallicRoughness_27_occlusion.png
  artifactKey: Guid(c5a8d1f67368ec347b6c88cfb80f7953) Importer(2089858483,b0f066a214c2f5e87bad3c948f4d605d)
Start importing Assets/Prefabs/Imported/Bulldozer/textures/blinn11_metallicRoughness_27_occlusion.png using Guid(c5a8d1f67368ec347b6c88cfb80f7953) Importer(2089858483,b0f066a214c2f5e87bad3c948f4d605d) (ScriptedImporter) -> (artifact id: '26b1f748e1cfdcd5a857e96079274446') in 0.0174758 seconds
Number of updated asset objects reloaded before import = 0Number of asset objects unloaded after import = 1

========================================================================
Received Import Request.
  Time since last request: 0.000016 seconds.
  path: Assets/Prefabs/Imported/Bulldozer/textures/blinn11_metallicRoughness_27.png
  artifactKey: Guid(0383a3ccd67c70142abc3745c19f127e) Importer(2089858483,b0f066a214c2f5e87bad3c948f4d605d)
Start importing Assets/Prefabs/Imported/Bulldozer/textures/blinn11_metallicRoughness_27.png using Guid(0383a3ccd67c70142abc3745c19f127e) Importer(2089858483,b0f066a214c2f5e87bad3c948f4d605d) (ScriptedImporter) -> (artifact id: '32895975982421781262a7a46e296480') in 0.0195614 seconds
Number of updated asset objects reloaded before import = 0Number of asset objects unloaded after import = 1

========================================================================
Received Import Request.
  Time since last request: 0.000021 seconds.
  path: Assets/Prefabs/Imported/Bulldozer/textures/blinn11_normal_28.png
  artifactKey: Guid(1be0c41f2bb4efe44bd5146bae34a0ed) Importer(2089858483,b0f066a214c2f5e87bad3c948f4d605d)
Start importing Assets/Prefabs/Imported/Bulldozer/textures/blinn11_normal_28.png using Guid(1be0c41f2bb4efe44bd5146bae34a0ed) Importer(2089858483,b0f066a214c2f5e87bad3c948f4d605d) (ScriptedImporter) -> (artifact id: '67fe4326d89dd0ae064600da7b7886f9') in 0.0150554 seconds
Number of updated asset objects reloaded before import = 0Number of asset objects unloaded after import = 1

========================================================================
Received Import Request.
  Time since last request: 0.000018 seconds.
  path: Assets/Prefabs/Imported/Bulldozer/meshes/polySurface998_blinn6_0_9_0.asset
  artifactKey: Guid(a8b7618fcd88e154bba03503d999172c) Importer(2089858483,b0f066a214c2f5e87bad3c948f4d605d)
Start importing Assets/Prefabs/Imported/Bulldozer/meshes/polySurface998_blinn6_0_9_0.asset using Guid(a8b7618fcd88e154bba03503d999172c) Importer(2089858483,b0f066a214c2f5e87bad3c948f4d605d) (ScriptedImporter) -> (artifact id: 'e56579bd859c26fc4e32ef3375aa95ee') in 0.0130053 seconds
Number of updated asset objects reloaded before import = 0Number of asset objects unloaded after import = 1

========================================================================
Received Import Request.
  Time since last request: 0.000026 seconds.
  path: Assets/Prefabs/Imported/Bulldozer/textures/blinn13_baseColor_33.png
  artifactKey: Guid(b2f9a12ef970486469f67d031887800d) Importer(2089858483,b0f066a214c2f5e87bad3c948f4d605d)
Start importing Assets/Prefabs/Imported/Bulldozer/textures/blinn13_baseColor_33.png using Guid(b2f9a12ef970486469f67d031887800d) Importer(2089858483,b0f066a214c2f5e87bad3c948f4d605d) (ScriptedImporter) -> (artifact id: '22e928289ca425d326007c40d8d936bd') in 0.0168458 seconds
Number of updated asset objects reloaded before import = 0Number of asset objects unloaded after import = 1

========================================================================
Received Import Request.
  Time since last request: 0.000016 seconds.
  path: Assets/Prefabs/Imported/Bulldozer/meshes/polySurface6794_blinn11_0_368_0.asset
  artifactKey: Guid(a335524fa73004c42989d82493d3efd3) Importer(2089858483,b0f066a214c2f5e87bad3c948f4d605d)
Start importing Assets/Prefabs/Imported/Bulldozer/meshes/polySurface6794_blinn11_0_368_0.asset using Guid(a335524fa73004c42989d82493d3efd3) Importer(2089858483,b0f066a214c2f5e87bad3c948f4d605d) (ScriptedImporter) -> (artifact id: 'f3f4cadc63c29d862e51fc03788e25fa') in 0.0109304 seconds
Number of updated asset objects reloaded before import = 0Number of asset objects unloaded after import = 1

========================================================================
Received Import Request.
  Time since last request: 0.000013 seconds.
  path: Assets/Prefabs/Imported/Bulldozer/textures/blinn10_metallicRoughness_24_occlusion.png
  artifactKey: Guid(7153f8dec844bcd4190c2b97d48844f8) Importer(2089858483,b0f066a214c2f5e87bad3c948f4d605d)
Start importing Assets/Prefabs/Imported/Bulldozer/textures/blinn10_metallicRoughness_24_occlusion.png using Guid(7153f8dec844bcd4190c2b97d48844f8) Importer(2089858483,b0f066a214c2f5e87bad3c948f4d605d) (ScriptedImporter) -> (artifact id: 'ac5d63f1c017282fd7840b1ef0324e8c') in 0.017685 seconds
Number of updated asset objects reloaded before import = 0Number of asset objects unloaded after import = 1

========================================================================
Received Import Request.
  Time since last request: 0.000013 seconds.
  path: Assets/Prefabs/Imported/Bulldozer/meshes/polySurface6799_blinn11_0_373_0.asset
  artifactKey: Guid(41e70c2ef90a4424f8cbdb260f5cadc8) Importer(2089858483,b0f066a214c2f5e87bad3c948f4d605d)
Start importing Assets/Prefabs/Imported/Bulldozer/meshes/polySurface6799_blinn11_0_373_0.asset using Guid(41e70c2ef90a4424f8cbdb260f5cadc8) Importer(2089858483,b0f066a214c2f5e87bad3c948f4d605d) (ScriptedImporter) -> (artifact id: '760e755259d543dd0d05927c07a76592') in 0.0126151 seconds
Number of updated asset objects reloaded before import = 0Number of asset objects unloaded after import = 1

========================================================================
Received Import Request.
  Time since last request: 0.000018 seconds.
  path: Assets/Prefabs/Imported/Bulldozer/textures/blinn12_metallicRoughness_30_occlusion.png
  artifactKey: Guid(e40dfdf536719354c84694d06e5f16cb) Importer(2089858483,b0f066a214c2f5e87bad3c948f4d605d)
Start importing Assets/Prefabs/Imported/Bulldozer/textures/blinn12_metallicRoughness_30_occlusion.png using Guid(e40dfdf536719354c84694d06e5f16cb) Importer(2089858483,b0f066a214c2f5e87bad3c948f4d605d) (ScriptedImporter) -> (artifact id: '17177bd94f5bbd889cdf07bc31858c8f') in 0.0151228 seconds
Number of updated asset objects reloaded before import = 0Number of asset objects unloaded after import = 1

========================================================================
Received Import Request.
  Time since last request: 0.000045 seconds.
  path: Assets/Prefabs/Imported/Bulldozer/textures/blinn5_metallicRoughness_9.png
  artifactKey: Guid(12b178fc9a06e3947ac5d47b19b7b6c5) Importer(2089858483,b0f066a214c2f5e87bad3c948f4d605d)
Start importing Assets/Prefabs/Imported/Bulldozer/textures/blinn5_metallicRoughness_9.png using Guid(12b178fc9a06e3947ac5d47b19b7b6c5) Importer(2089858483,b0f066a214c2f5e87bad3c948f4d605d) (ScriptedImporter) -> (artifact id: 'af8aecbc8a557bfd6f2a6e9aa0616885') in 0.018917 seconds
Number of updated asset objects reloaded before import = 0Number of asset objects unloaded after import = 1

========================================================================
Received Import Request.
  Time since last request: 0.000019 seconds.
  path: Assets/Prefabs/Imported/Bulldozer/textures/blinn4_baseColor_5.png
  artifactKey: Guid(2dc69c5289c1c28409ecc41c2cb94b42) Importer(2089858483,b0f066a214c2f5e87bad3c948f4d605d)
Start importing Assets/Prefabs/Imported/Bulldozer/textures/blinn4_baseColor_5.png using Guid(2dc69c5289c1c28409ecc41c2cb94b42) Importer(2089858483,b0f066a214c2f5e87bad3c948f4d605d) (ScriptedImporter) -> (artifact id: '5c149f2a0339fd71ad02e2ea92d53a31') in 0.0173825 seconds
Number of updated asset objects reloaded before import = 0Number of asset objects unloaded after import = 1

========================================================================
Received Import Request.
  Time since last request: 0.000017 seconds.
  path: Assets/Prefabs/Imported/Bulldozer/textures/blinn5_metallicRoughness_9_occlusion.png
  artifactKey: Guid(9a72170832cfbf740b708c518cc2bae8) Importer(2089858483,b0f066a214c2f5e87bad3c948f4d605d)
Start importing Assets/Prefabs/Imported/Bulldozer/textures/blinn5_metallicRoughness_9_occlusion.png using Guid(9a72170832cfbf740b708c518cc2bae8) Importer(2089858483,b0f066a214c2f5e87bad3c948f4d605d) (ScriptedImporter) -> (artifact id: '9c1005a27f8ac0c97a32ae46bc00900f') in 0.016133 seconds
Number of updated asset objects reloaded before import = 0Number of asset objects unloaded after import = 1

========================================================================
Received Import Request.
  Time since last request: 0.000019 seconds.
  path: Assets/Prefabs/Imported/Bulldozer/textures/blinn7_baseColor_14.png
  artifactKey: Guid(3ca4f947a0b409f449e08f7d4b28b5e9) Importer(2089858483,b0f066a214c2f5e87bad3c948f4d605d)
Start importing Assets/Prefabs/Imported/Bulldozer/textures/blinn7_baseColor_14.png using Guid(3ca4f947a0b409f449e08f7d4b28b5e9) Importer(2089858483,b0f066a214c2f5e87bad3c948f4d605d) (ScriptedImporter) -> (artifact id: '8bc8e74fe37a619dd17d45ae67827f63') in 0.0179595 seconds
Number of updated asset objects reloaded before import = 0Number of asset objects unloaded after import = 1

========================================================================
Received Import Request.
  Time since last request: 0.000018 seconds.
  path: Assets/Prefabs/Imported/Bulldozer/textures/blinn7_normal_16.png
  artifactKey: Guid(bfc882b48ea2ee74dbf02a032fe1e999) Importer(2089858483,b0f066a214c2f5e87bad3c948f4d605d)
Start importing Assets/Prefabs/Imported/Bulldozer/textures/blinn7_normal_16.png using Guid(bfc882b48ea2ee74dbf02a032fe1e999) Importer(2089858483,b0f066a214c2f5e87bad3c948f4d605d) (ScriptedImporter) -> (artifact id: 'f15877b98fb23fbf263c9689a56ede1d') in 0.0178489 seconds
Number of updated asset objects reloaded before import = 0Number of asset objects unloaded after import = 1

========================================================================
Received Import Request.
  Time since last request: 0.000034 seconds.
  path: Assets/Prefabs/Imported/Bulldozer/textures/blinn8_metallicRoughness_18.png
  artifactKey: Guid(be9dbca65d5fcfc4291a2542be97edce) Importer(2089858483,b0f066a214c2f5e87bad3c948f4d605d)
Start importing Assets/Prefabs/Imported/Bulldozer/textures/blinn8_metallicRoughness_18.png using Guid(be9dbca65d5fcfc4291a2542be97edce) Importer(2089858483,b0f066a214c2f5e87bad3c948f4d605d) (ScriptedImporter) -> (artifact id: '502dd7045bfd0234586a7f022e3b8c24') in 0.0146913 seconds
Number of updated asset objects reloaded before import = 0Number of asset objects unloaded after import = 1

========================================================================
Received Import Request.
  Time since last request: 0.000016 seconds.
  path: Assets/Prefabs/Imported/Bulldozer/textures/blinn5_normal_10.png
  artifactKey: Guid(48c4e31289728564aac14d7e51548f81) Importer(2089858483,b0f066a214c2f5e87bad3c948f4d605d)
Start importing Assets/Prefabs/Imported/Bulldozer/textures/blinn5_normal_10.png using Guid(48c4e31289728564aac14d7e51548f81) Importer(2089858483,b0f066a214c2f5e87bad3c948f4d605d) (ScriptedImporter) -> (artifact id: '8a88e198746be1d5e75965e0276611bd') in 0.016753 seconds
Number of updated asset objects reloaded before import = 0Number of asset objects unloaded after import = 1

========================================================================
Received Import Request.
  Time since last request: 0.000018 seconds.
  path: Assets/Prefabs/Imported/Desert/materials/material_0_0.mat
  artifactKey: Guid(44a2dbf790bb1bf4492e44025f51e61d) Importer(2089858483,b0f066a214c2f5e87bad3c948f4d605d)
Start importing Assets/Prefabs/Imported/Desert/materials/material_0_0.mat using Guid(44a2dbf790bb1bf4492e44025f51e61d) Importer(2089858483,b0f066a214c2f5e87bad3c948f4d605d) (ScriptedImporter) -> (artifact id: 'd1533aae371cba9aab1883ace95b2c23') in 0.0203627 seconds
Number of updated asset objects reloaded before import = 0Number of asset objects unloaded after import = 5

========================================================================
Received Import Request.
  Time since last request: 0.000021 seconds.
  path: Assets/Prefabs/Imported/Bulldozer/textures/blinn4_normal_7.png
  artifactKey: Guid(8fc326aaa783ce947bc483a09025efea) Importer(2089858483,b0f066a214c2f5e87bad3c948f4d605d)
Start importing Assets/Prefabs/Imported/Bulldozer/textures/blinn4_normal_7.png using Guid(8fc326aaa783ce947bc483a09025efea) Importer(2089858483,b0f066a214c2f5e87bad3c948f4d605d) (ScriptedImporter) -> (artifact id: '9b6a7032063fe31db370eef103872ec6') in 0.015784 seconds
Number of updated asset objects reloaded before import = 0Number of asset objects unloaded after import = 1

========================================================================
Received Import Request.
  Time since last request: 0.000018 seconds.
  path: Assets/Scripts/T2M/Settings/Tex/logo.png
  artifactKey: Guid(1ebbb90f61e1c7e4e8c6735f0a1612c9) Importer(2089858483,b0f066a214c2f5e87bad3c948f4d605d)
Start importing Assets/Scripts/T2M/Settings/Tex/logo.png using Guid(1ebbb90f61e1c7e4e8c6735f0a1612c9) Importer(2089858483,b0f066a214c2f5e87bad3c948f4d605d) (ScriptedImporter) -> (artifact id: '76d5d75c02691b38ea067f597f901335') in 0.0218782 seconds
Number of updated asset objects reloaded before import = 0Number of asset objects unloaded after import = 3

========================================================================
Received Import Request.
  Time since last request: 0.000030 seconds.
  path: Assets/Prefabs/Imported/Rock/textures/_1_metal.png
  artifactKey: Guid(589ad1598d8c2fa4bb84bd0db2f69ef3) Importer(2089858483,b0f066a214c2f5e87bad3c948f4d605d)
Start importing Assets/Prefabs/Imported/Rock/textures/_1_metal.png using Guid(589ad1598d8c2fa4bb84bd0db2f69ef3) Importer(2089858483,b0f066a214c2f5e87bad3c948f4d605d) (ScriptedImporter) -> (artifact id: 'd9a1c4f970389a4c453127ac95782971') in 0.0176397 seconds
Number of updated asset objects reloaded before import = 0Number of asset objects unloaded after import = 1

========================================================================
Received Import Request.
  Time since last request: 0.000024 seconds.
  path: Assets/Prefabs/Imported/Bulldozer/meshes/polySurface6757_blinn11_0_331_0.asset
  artifactKey: Guid(1ef03536dcaa674439707730132f831d) Importer(2089858483,b0f066a214c2f5e87bad3c948f4d605d)
Start importing Assets/Prefabs/Imported/Bulldozer/meshes/polySurface6757_blinn11_0_331_0.asset using Guid(1ef03536dcaa674439707730132f831d) Importer(2089858483,b0f066a214c2f5e87bad3c948f4d605d) (ScriptedImporter) -> (artifact id: '770567c87ae9d57c29fc4e7448413d92') in 0.0119829 seconds
Number of updated asset objects reloaded before import = 0Number of asset objects unloaded after import = 1

========================================================================
Received Import Request.
  Time since last request: 0.000020 seconds.
  path: Assets/Prefabs/Imported/Bulldozer/meshes/polySurface6787_blinn11_0_361_0.asset
  artifactKey: Guid(f9159140b7ca0fd43a00fd7ea6fb533a) Importer(2089858483,b0f066a214c2f5e87bad3c948f4d605d)
Start importing Assets/Prefabs/Imported/Bulldozer/meshes/polySurface6787_blinn11_0_361_0.asset using Guid(f9159140b7ca0fd43a00fd7ea6fb533a) Importer(2089858483,b0f066a214c2f5e87bad3c948f4d605d) (ScriptedImporter) -> (artifact id: 'fa71acb3ef3e32b760c31d8b778e66f5') in 0.0101963 seconds
Number of updated asset objects reloaded before import = 0Number of asset objects unloaded after import = 1

========================================================================
Received Import Request.
  Time since last request: 0.000015 seconds.
  path: Assets/Prefabs/Imported/Bulldozer/textures/blinn6_metallicRoughness_12_occlusion.png
  artifactKey: Guid(eedd092670a67114b86ad6295d3b4728) Importer(2089858483,b0f066a214c2f5e87bad3c948f4d605d)
Start importing Assets/Prefabs/Imported/Bulldozer/textures/blinn6_metallicRoughness_12_occlusion.png using Guid(eedd092670a67114b86ad6295d3b4728) Importer(2089858483,b0f066a214c2f5e87bad3c948f4d605d) (ScriptedImporter) -> (artifact id: 'b90a16d5d984dfc69dd6903bdd703fa5') in 0.0157556 seconds
Number of updated asset objects reloaded before import = 0Number of asset objects unloaded after import = 1

========================================================================
Received Import Request.
  Time since last request: 0.000022 seconds.
  path: Assets/Prefabs/Imported/Bulldozer/meshes/polySurface5327_blinn11_0_374_0.asset
  artifactKey: Guid(57303fa11b8a11047bc7ada4d8894c90) Importer(2089858483,b0f066a214c2f5e87bad3c948f4d605d)
Start importing Assets/Prefabs/Imported/Bulldozer/meshes/polySurface5327_blinn11_0_374_0.asset using Guid(57303fa11b8a11047bc7ada4d8894c90) Importer(2089858483,b0f066a214c2f5e87bad3c948f4d605d) (ScriptedImporter) -> (artifact id: '5c940f04b2ad2454ccf6ba9ce8c5d1f1') in 0.011663 seconds
Number of updated asset objects reloaded before import = 0Number of asset objects unloaded after import = 1

========================================================================
Received Import Request.
  Time since last request: 0.000023 seconds.
  path: Assets/Scenes/Game-Scene 1.unity
  artifactKey: Guid(1d13a073fbf6f0846883d2f3a4202b7d) Importer(2089858483,b0f066a214c2f5e87bad3c948f4d605d)
Start importing Assets/Scenes/Game-Scene 1.unity using Guid(1d13a073fbf6f0846883d2f3a4202b7d) Importer(2089858483,b0f066a214c2f5e87bad3c948f4d605d) (ScriptedImporter) -> (artifact id: 'c139b3de50831144857a68bb7064825f') in 0.0137508 seconds
Number of updated asset objects reloaded before import = 0Number of asset objects unloaded after import = 1

========================================================================
Received Import Request.
  Time since last request: 0.000019 seconds.
  path: Assets/Prefabs/Imported/Bulldozer/meshes/polySurface4740_blinn8_0_17_0.asset
  artifactKey: Guid(60a77c344358d2840a359e61e4ac67cb) Importer(2089858483,b0f066a214c2f5e87bad3c948f4d605d)
Start importing Assets/Prefabs/Imported/Bulldozer/meshes/polySurface4740_blinn8_0_17_0.asset using Guid(60a77c344358d2840a359e61e4ac67cb) Importer(2089858483,b0f066a214c2f5e87bad3c948f4d605d) (ScriptedImporter) -> (artifact id: 'b3b42b5d5ba4987ee2e9d5f34d9be2f2') in 0.0124786 seconds
Number of updated asset objects reloaded before import = 0Number of asset objects unloaded after import = 1

========================================================================
Received Import Request.
  Time since last request: 0.000017 seconds.
  path: Assets/Prefabs/Imported/Bulldozer/meshes/polySurface4102_blinn5_0_7_0.asset
  artifactKey: Guid(fba08c554fdb65a438f2d693b11b96c8) Importer(2089858483,b0f066a214c2f5e87bad3c948f4d605d)
Start importing Assets/Prefabs/Imported/Bulldozer/meshes/polySurface4102_blinn5_0_7_0.asset using Guid(fba08c554fdb65a438f2d693b11b96c8) Importer(2089858483,b0f066a214c2f5e87bad3c948f4d605d) (ScriptedImporter) -> (artifact id: '53cb1c20b268acc7802f7f3ddd88c07d') in 0.0130362 seconds
Number of updated asset objects reloaded before import = 0Number of asset objects unloaded after import = 1

========================================================================
Received Import Request.
  Time since last request: 0.000016 seconds.
  path: Assets/AllSkyFree/Cold Sunset/Cold Sunset.mat
  artifactKey: Guid(2d796ced94d61438fbab81b194038162) Importer(2089858483,b0f066a214c2f5e87bad3c948f4d605d)
Start importing Assets/AllSkyFree/Cold Sunset/Cold Sunset.mat using Guid(2d796ced94d61438fbab81b194038162) Importer(2089858483,b0f066a214c2f5e87bad3c948f4d605d) (ScriptedImporter) -> (artifact id: 'df3c820ba5c20c7f8bd85641f8fbc56e') in 0.0283402 seconds
Number of updated asset objects reloaded before import = 0Number of asset objects unloaded after import = 7

========================================================================
Received Import Request.
  Time since last request: 0.000026 seconds.
  path: Assets/TextMesh Pro/Shaders/TMP_Bitmap.shader
  artifactKey: Guid(128e987d567d4e2c824d754223b3f3b0) Importer(2089858483,b0f066a214c2f5e87bad3c948f4d605d)
Start importing Assets/TextMesh Pro/Shaders/TMP_Bitmap.shader using Guid(128e987d567d4e2c824d754223b3f3b0) Importer(2089858483,b0f066a214c2f5e87bad3c948f4d605d) (ScriptedImporter) -> (artifact id: 'd8dd8bb4574cc4b42602383a7eee3667') in 0.0105038 seconds
Number of updated asset objects reloaded before import = 0Number of asset objects unloaded after import = 1

========================================================================
Received Import Request.
  Time since last request: 0.000026 seconds.
  path: Assets/AllSkyFree/Space_AnotherPlanet/AllSky_Space_AnotherPlanetSettings.lighting
  artifactKey: Guid(30d83a83fcc484f9d8b0d2915bb839b3) Importer(2089858483,b0f066a214c2f5e87bad3c948f4d605d)
Start importing Assets/AllSkyFree/Space_AnotherPlanet/AllSky_Space_AnotherPlanetSettings.lighting using Guid(30d83a83fcc484f9d8b0d2915bb839b3) Importer(2089858483,b0f066a214c2f5e87bad3c948f4d605d) (ScriptedImporter) -> (artifact id: '6fad73686fdd361400af9db7068c9bae') in 0.0229227 seconds
Number of updated asset objects reloaded before import = 0Number of asset objects unloaded after import = 1

========================================================================
Received Import Request.
  Time since last request: 0.000019 seconds.
  path: Assets/Prefabs/Imported/Bulldozer/meshes/polySurface6574_blinn11_0_148_0.asset
  artifactKey: Guid(73fd83ed9a305284180143dede47bedd) Importer(2089858483,b0f066a214c2f5e87bad3c948f4d605d)
Start importing Assets/Prefabs/Imported/Bulldozer/meshes/polySurface6574_blinn11_0_148_0.asset using Guid(73fd83ed9a305284180143dede47bedd) Importer(2089858483,b0f066a214c2f5e87bad3c948f4d605d) (ScriptedImporter) -> (artifact id: '78307a154ed300bf0f2b921b159ff144') in 0.0108744 seconds
Number of updated asset objects reloaded before import = 0Number of asset objects unloaded after import = 1

Editor requested this worker to shutdown with reason: Scaling down because of idle timeout
AssetImportWorker is now disconnected from the server
Process exiting
Exiting without the bug reporter. Application will terminate with return code 0